-- phpMyAdmin SQL Dump
-- version 4.9.0.1
-- https://www.phpmyadmin.net/
--
-- Host: 127.0.0.1
-- Gegenereerd op: 16 dec 2019 om 19:02
-- Serverversie: 10.4.6-MariaDB
-- PHP-versie: 7.3.8

SET SQL_MODE = "NO_AUTO_VALUE_ON_ZERO";
SET AUTOCOMMIT = 0;
START TRANSACTION;
SET time_zone = "+00:00";


/*!40101 SET @OLD_CHARACTER_SET_CLIENT=@@CHARACTER_SET_CLIENT */;
/*!40101 SET @OLD_CHARACTER_SET_RESULTS=@@CHARACTER_SET_RESULTS */;
/*!40101 SET @OLD_COLLATION_CONNECTION=@@COLLATION_CONNECTION */;
/*!40101 SET NAMES utf8mb4 */;

--
-- Database: `nieuws`
--

-- --------------------------------------------------------

--
-- Tabelstructuur voor tabel `category`
--

CREATE TABLE `category` (
  `id` int(11) NOT NULL,
  `category_name` varchar(255) NOT NULL,
  `created_at` date NOT NULL,
  `updated_at` date NOT NULL,
  `category_link` int(11) NOT NULL
) ENGINE=InnoDB DEFAULT CHARSET=latin1;

--
-- Gegevens worden geëxporteerd voor tabel `category`
--

INSERT INTO `category` (`id`, `category_name`, `created_at`, `updated_at`, `category_link`) VALUES
(1, 'Politiek', '0000-00-00', '0000-00-00', 0),
(2, 'GroenLinks', '0000-00-00', '0000-00-00', 3),
(3, 'PVV', '0000-00-00', '0000-00-00', 6),
(4, 'CDA', '0000-00-00', '0000-00-00', 6),
(5, 'Sport', '0000-00-00', '0000-00-00', 0),
(6, 'Fitness', '0000-00-00', '0000-00-00', 5),
(8, 'Voetbal', '0000-00-00', '0000-00-00', 2),
(9, 'Silvolde', '0000-00-00', '0000-00-00', 5);

-- --------------------------------------------------------

--
-- Tabelstructuur voor tabel `category_links`
--

CREATE TABLE `category_links` (
  `category_id` int(255) NOT NULL,
  `post_id` int(255) NOT NULL,
  `created_at` datetime NOT NULL,
  `updated_at` datetime NOT NULL
) ENGINE=InnoDB DEFAULT CHARSET=latin1;

--
-- Gegevens worden geëxporteerd voor tabel `category_links`
--

INSERT INTO `category_links` (`category_id`, `post_id`, `created_at`, `updated_at`) VALUES
(2, 4, '2019-12-15 14:51:15', '2019-12-15 14:51:15'),
(4, 2, '2019-12-15 14:51:15', '2019-12-15 14:51:15'),
(4, 3, '2019-12-15 14:51:15', '2019-12-15 14:51:15'),
(4, 79, '2019-12-15 14:51:15', '2019-12-15 14:51:15'),
(4, 80, '2019-12-15 14:51:15', '2019-12-15 14:51:15'),
(4, 227, '2019-12-15 14:51:16', '2019-12-15 14:51:16'),
(4, 278, '2019-12-15 14:51:16', '2019-12-15 14:51:16'),
(4, 283, '2019-12-15 14:51:16', '2019-12-15 14:51:16'),
(6, 1, '2019-12-15 14:51:14', '2019-12-15 14:51:14'),
(9, 17, '2019-12-15 14:51:15', '2019-12-15 14:51:15'),
(9, 36, '2019-12-15 14:51:15', '2019-12-15 14:51:15'),
(9, 37, '2019-12-15 14:51:15', '2019-12-15 14:51:15'),
(9, 40, '2019-12-15 14:51:15', '2019-12-15 14:51:15'),
(9, 47, '2019-12-15 14:51:15', '2019-12-15 14:51:15'),
(9, 49, '2019-12-15 14:51:15', '2019-12-15 14:51:15'),
(9, 50, '2019-12-15 14:51:15', '2019-12-15 14:51:15'),
(9, 92, '2019-12-15 14:51:15', '2019-12-15 14:51:15'),
(9, 115, '2019-12-15 14:51:15', '2019-12-15 14:51:15'),
(9, 117, '2019-12-15 14:51:15', '2019-12-15 14:51:15'),
(9, 121, '2019-12-15 14:51:15', '2019-12-15 14:51:15'),
(9, 140, '2019-12-15 14:51:15', '2019-12-15 14:51:15'),
(9, 200, '2019-12-15 14:51:16', '2019-12-15 14:51:16'),
(9, 233, '2019-12-15 14:51:16', '2019-12-15 14:51:16'),
(9, 261, '2019-12-15 14:51:16', '2019-12-15 14:51:16');

-- --------------------------------------------------------

--
-- Tabelstructuur voor tabel `category_tags`
--

CREATE TABLE `category_tags` (
  `category_id` int(255) NOT NULL,
  `tag` varchar(255) NOT NULL
) ENGINE=InnoDB DEFAULT CHARSET=latin1;

--
-- Gegevens worden geëxporteerd voor tabel `category_tags`
--

INSERT INTO `category_tags` (`category_id`, `tag`) VALUES
(2, 'groenrechts'),
(3, 'PVV'),
(4, 'CDA'),
(6, 'fitness'),
(9, 'Silvolde');

-- --------------------------------------------------------

--
-- Tabelstructuur voor tabel `failed_jobs`
--

CREATE TABLE `failed_jobs` (
  `id` bigint(20) UNSIGNED NOT NULL,
  `connection` text COLLATE utf8mb4_unicode_ci NOT NULL,
  `queue` text COLLATE utf8mb4_unicode_ci NOT NULL,
  `payload` longtext COLLATE utf8mb4_unicode_ci NOT NULL,
  `exception` longtext COLLATE utf8mb4_unicode_ci NOT NULL,
  `failed_at` timestamp NOT NULL DEFAULT current_timestamp()
) ENGINE=InnoDB DEFAULT CHARSET=utf8mb4 COLLATE=utf8mb4_unicode_ci;

-- --------------------------------------------------------

--
-- Tabelstructuur voor tabel `migrations`
--

CREATE TABLE `migrations` (
  `id` int(10) UNSIGNED NOT NULL,
  `migration` varchar(255) COLLATE utf8mb4_unicode_ci NOT NULL,
  `batch` int(11) NOT NULL
) ENGINE=InnoDB DEFAULT CHARSET=utf8mb4 COLLATE=utf8mb4_unicode_ci;

--
-- Gegevens worden geëxporteerd voor tabel `migrations`
--

INSERT INTO `migrations` (`id`, `migration`, `batch`) VALUES
(1, '2014_10_12_000000_create_users_table', 1),
(2, '2014_10_12_100000_create_password_resets_table', 1),
(3, '2019_08_19_000000_create_failed_jobs_table', 1);

-- --------------------------------------------------------

--
-- Tabelstructuur voor tabel `password_resets`
--

CREATE TABLE `password_resets` (
  `email` varchar(255) COLLATE utf8mb4_unicode_ci NOT NULL,
  `token` varchar(255) COLLATE utf8mb4_unicode_ci NOT NULL,
  `created_at` timestamp NULL DEFAULT NULL
) ENGINE=InnoDB DEFAULT CHARSET=utf8mb4 COLLATE=utf8mb4_unicode_ci;

-- --------------------------------------------------------

--
-- Tabelstructuur voor tabel `posts`
--

CREATE TABLE `posts` (
  `id` int(255) NOT NULL,
  `title` varchar(255) NOT NULL,
  `link` varchar(255) NOT NULL,
  `source_id` int(255) NOT NULL,
  `description` varchar(255) NOT NULL,
  `featured_image` varchar(255) NOT NULL,
  `created_at` datetime NOT NULL,
  `updated_at` datetime NOT NULL,
  `categorized` int(11) NOT NULL,
  `slug` varchar(255) NOT NULL
) ENGINE=InnoDB DEFAULT CHARSET=latin1;

--
-- Gegevens worden geëxporteerd voor tabel `posts`
--

INSERT INTO `posts` (`id`, `title`, `link`, `source_id`, `description`, `featured_image`, `created_at`, `updated_at`, `categorized`, `slug`) VALUES
(1, 'Casper voor 100ste keer op rij in sportschool', '', 1, 'fitness', 'http://pubblestorage.blob.core.windows.net/05e27930/content/2018/6/c7b70694-eb4d-4823-8fd2-8edb3f3a7a6e.jpg', '0000-00-00 00:00:00', '2019-12-15 14:51:14', 1, 'casper-voor-100ste-keer-op-rij-in-sportschool'),
(2, 'CDA', '', 0, 'cda', '', '0000-00-00 00:00:00', '2019-12-15 14:51:14', 1, 'cda'),
(3, 'Nog meer CDA', 'cda', 0, 'cda', '', '0000-00-00 00:00:00', '2019-12-15 14:51:15', 1, 'nog-meer-cda'),
(4, 'Test', '', 0, 'groenrechts', 'http://pubblestorage.blob.core.windows.net/05e27930/content/2018/6/c7b70694-eb4d-4823-8fd2-8edb3f3a7a6e.jpg', '0000-00-00 00:00:00', '2019-12-15 14:51:15', 1, 'test'),
(5, 'EEE', '', 0, 'EEE', '', '0000-00-00 00:00:00', '2019-12-15 14:51:15', 1, 'eee'),
(6, 'Enkel blikschade na aanrijding Doetinchem', 'http://www.112achterhoek-nieuws.nl/article/21551-enkel-blikschade-na-aanrijding-doetinchem', 39, '<span style=\"font-family: arial\">Doetinchem -Bij een aanrijding tussen twee auto\'s op de Bedrijvenweg in Doetinchem hebben dinsdagochtend enkel de voertuigen schade opgelopen. De inzittenden van de wagens zijn bij de botsing niet gewond geraakt.</span><br', '', '2018-06-05 13:19:36', '2019-12-15 14:51:15', 1, 'enkel-blikschade-na-aanrijding-doetinchem'),
(7, 'Automobilist botst op stilstaande vrachtwagen en raakt gewond N18 Groenlo ', 'http://www.112achterhoek-nieuws.nl/article/21552-automobilist-botst-op-stilstaande-vrachtwagen-en-raakt-gewond-n18-groenlo-', 39, '<span style=\"font-family: arial\">Groenlo -Een plotselinge remactie door het oprijden van een parkeerhaven van een vrachtwagen zorgde dinsdag voor een dubbele kopstaartbotsing op de N18 vanaf Groenlo richting Eibergen. De eerste auto achter de vrachtwagen ', '', '2018-06-05 13:21:34', '2019-12-15 14:51:15', 1, 'automobilist-botst-op-stilstaande-vrachtwagen-en-raakt-gewond-n18-groenlo-'),
(8, 'Drugsoverlast Neede lijkt verminderd na politieonderzoek', 'http://www.112achterhoek-nieuws.nl/article/21553-drugsoverlast-neede-lijkt-verminderd-na-politieonderzoek', 39, '<span style=\"font-family: arial\">Neede - Na vele meldingen van overlast door jeugd en drugs dealen lijkt de rust in Neede teruggekeerd. Na een onderzoek van een aantal maanden hield de politie vier jongeren aan voor handel in hard- en softdrugs. De vier, ', '', '2018-06-05 13:39:27', '2019-12-15 14:51:15', 1, 'drugsoverlast-neede-lijkt-verminderd-na-politieonderzoek'),
(9, 'Doetinchem strijdt tegen criminele jongeren', 'http://www.112achterhoek-nieuws.nl/article/21554-doetinchem-strijdt-tegen-criminele-jongeren', 39, 'Doetinchem -Doetinchem gaat de strijd aan met de criminele leefwereld van jongeren in de stad. De bijzonder grote politieactie van dinsdag is de eerste daad in een proces dat moet leiden tot een mentaliteitsverandering bij de groep die zich kenmerkt door ', '', '2018-06-05 13:42:37', '2019-12-15 14:51:15', 1, 'doetinchem-strijdt-tegen-criminele-jongeren'),
(10, 'Vrouw (83) ten val na botsing met aanhanger in Beek Gemeente Montferland', 'http://www.112achterhoek-nieuws.nl/article/21555-vrouw-83-ten-val-na-botsing-met-aanhanger-in-beek-gemeente-montferland', 39, '<span style=\"font-family: arial\">Beek Gemeente Montferland -Een 83-jarige vrouw is woensdagmiddag gewond geraakt bij een botsing met een auto in Beek. Ze kwam met haar elektrische fiets tegen een aanhanger aan.</span><br />\n<span style=\"font-family: arial', '', '2018-06-06 16:55:48', '2019-12-15 14:51:15', 1, 'vrouw-83-ten-val-na-botsing-met-aanhanger-in-beek-gemeente-montferland'),
(11, 'Drie gewonden bij ongeval Kruisbergseweg (N316) in Keijenborg ', 'http://www.112achterhoek-nieuws.nl/article/21556-drie-gewonden-bij-ongeval-kruisbergseweg-n316-in-keijenborg-', 39, 'Keijenborg  -Drie automobilisten zijn woensdagmiddag gewond geraakt bij een botsing op de weg tussen Hengelo en Doetinchem. Een bestuurster was op de verkeerde weghelft terecht gekomen.<br />\n <br />\nHet ongeval gebeurde omstreeks 16.30 uur op de Kruisber', '', '2018-06-06 16:57:42', '2019-12-15 14:51:15', 1, 'drie-gewonden-bij-ongeval-kruisbergseweg-n316-in-keijenborg-'),
(12, 'De politie vraagt nogmaals uw aandacht voor het volgend', 'http://www.112achterhoek-nieuws.nl/article/21557-de-politie-vraagt-nogmaals-uw-aandacht-voor-het-volgend', 39, '<span style=\"font-family: arial\">Doetinchem /</span> <span style=\"font-family: arial\">Emmerich -Graag uw hulp voor een flinke geldopname met een gestolen bankpas bij een pinautomaat in Doetinchem. </span><br />\n<span style=\"font-family: arial\"> </span><br', '', '2018-06-06 19:35:40', '2019-12-15 14:51:15', 1, 'de-politie-vraagt-nogmaals-uw-aandacht-voor-het-volgend'),
(13, '3 personen lopen met gestolen fiets door Aalten', 'http://www.112achterhoek-nieuws.nl/article/21558-3-personen-lopen-met-gestolen-fiets-door-aalten', 39, 'Aalten -Een oplettende burger heeft gisteren de politie gebeld. Dit naar aanleiding van een verdachte situatie. 3 personen liepen met een afgesloten fiets over de Willemstraat te Aalten.<br />\n <br />\nToen de oplettende burger vroeg of hij een foto van he', '', '2018-06-07 14:32:38', '2019-12-15 14:51:15', 1, '3-personen-lopen-met-gestolen-fiets-door-aalten'),
(14, 'Man (29) uit Vorden overleden na nachtelijk zwemmen in Zwembad  Vorden', 'http://www.112achterhoek-nieuws.nl/article/21559-man-29-uit-vorden-overleden-na-nachtelijk-zwemmen-in-zwembad-vorden', 39, 'Vorden - In de nacht van 7 op 8 juni is een 29-jarige man uit Vorden verdronken in een zwembad in dezelfde plaats. De man ging samen met twee anderen zwemmen en is door onbekende oorzaak onder het afdekzeil terecht gekomen.<br />\n <br />\nToen de man naar ', '', '2018-06-08 05:28:23', '2019-12-15 14:51:15', 1, 'man-29-uit-vorden-overleden-na-nachtelijk-zwemmen-in-zwembad-vorden'),
(15, 'Vrachtwagen met groenafval kantelt in Doetinchem ', 'http://www.112achterhoek-nieuws.nl/article/21560-vrachtwagen-met-groenafval-kantelt-in-doetinchem-', 39, '<span style=\"font-family: arial\">Doetinchem -Een vrachtwagen is vrijdagochtend gekanteld in Doetinchem. De truck met groenafval belandde op zijn kant op de Terborgseweg.</span><br />\n<span style=\"font-family: arial\"> </span><br />\n<span style=\"font-family', '', '2018-06-08 11:26:24', '2019-12-15 14:51:15', 1, 'vrachtwagen-met-groenafval-kantelt-in-doetinchem-'),
(16, 'Automobilist vliegt uit de bocht en belandt tegen boom in Hummelo ', 'http://www.112achterhoek-nieuws.nl/article/21561-automobilist-vliegt-uit-de-bocht-en-belandt-tegen-boom-in-hummelo-', 39, '<span style=\"font-family: arial\">Hummelo -Een bestuurder is zaterdagochtend met zijn auto van de weg geraakt op de weg tussen Zelhem en Hummelo. Hij kwam er uiteindelijk zonder verwondingen vanaf.</span><br />\n<span style=\"font-family: arial\"> </span><br ', '', '2018-06-09 07:56:05', '2019-12-15 14:51:15', 1, 'automobilist-vliegt-uit-de-bocht-en-belandt-tegen-boom-in-hummelo-'),
(17, 'Bijzondere buurtbewoner geëvacueerd buurtbewoners in Silvolde', 'http://www.112achterhoek-nieuws.nl/article/21562-bijzondere-buurtbewoner-gevacueerd-buurtbewoners-in-silvolde', 39, 'Silvolde -Zaterdag zijn meerdere bewoners van een seniorenflat aan de Kloosterhof in Silvolde geëvacueerd. Niet door de hulpdiensten maar door een bescheiden buurtbewoner. Soms ontmoet je mensen voor wie hun doen en laten vanzelfsprekend is. Voor ons was ', '', '2018-06-09 21:25:11', '2019-12-15 14:51:15', 1, 'bijzondere-buurtbewoner-ge-vacueerd-buurtbewoners-in-silvolde'),
(18, 'Flink gaslek treft buitengebied van Aalten ', 'http://www.112achterhoek-nieuws.nl/article/21563-flink-gaslek-treft-buitengebied-van-aalten-', 39, '<span style=\"font-family: arial\">Aalten -Een flink gaslek heeft zaterdagavond het buitengebied van Aalten getroffen. Een gasleiding onder een brug sprong, waarna er lange tijd een sissend geluid te horen was.</span><br />\n<span style=\"font-family: arial\">', '', '2018-06-09 21:32:47', '2019-12-15 14:51:15', 1, 'flink-gaslek-treft-buitengebied-van-aalten-'),
(19, 'Vaatwasser veroorzaakt brand in Aalten ', 'http://www.112achterhoek-nieuws.nl/article/21564-vaatwasser-veroorzaakt-brand-in-aalten-', 39, 'Aalten -In een appartement aan de Koeweide in Aalten heeft maandagochtend een brand gewoed. Een Vaatwasser zou de oorzaak van de brand zijn geweest.<br />\n <br />\nEr kwam maandagochtend zwarte rook uit een van de appartementen. Omdat het een zorginstellin', '', '2018-06-11 10:26:44', '2019-12-15 14:51:15', 1, 'vaatwasser-veroorzaakt-brand-in-aalten-'),
(20, '18 Jarige Doetinchemer aangehouden nav belediging politie via FACEBOOK', 'http://www.112achterhoek-nieuws.nl/article/21565-18-jarige-doetinchemer-aangehouden-nav-belediging-politie-via-facebook', 39, 'Doetinchem -Afgelopen weekend vond een 18 jarige jongen uit Doetinchem het nodig om zich op een Facebookbericht van politie Doetinchem beledigend te uiten tegen de politie.<br />\n <br />\nDe politie spraken de jongen telefonisch en sommeerde hem naar het b', '', '2018-06-11 14:41:37', '2019-12-15 14:51:15', 1, '18-jarige-doetinchemer-aangehouden-nav-belediging-politie-via-facebook'),
(21, 'Vrouw rijdt haar auto in de sloot bij Beltrum ', 'http://www.112achterhoek-nieuws.nl/article/21566-vrouw-rijdt-haar-auto-in-de-sloot-bij-beltrum-', 39, '<span style=\"font-family: arial\">Beltrum -Een bestuurster is dinsdagochtend op onverklaarbare wijze in de sloot beland op de Zieuwentseweg bij Beltrum. De vrouw raakte bij het ongeval gewond.</span><br />\n<span style=\"font-family: arial\"> </span><br />\n<s', '', '2018-06-12 08:38:56', '2019-12-15 14:51:15', 1, 'vrouw-rijdt-haar-auto-in-de-sloot-bij-beltrum-'),
(22, '19-jarige man uit Beek aangehouden voor heling laptop', 'http://www.112achterhoek-nieuws.nl/article/21567-19-jarige-man-uit-beek-aangehouden-voor-heling-laptop', 39, 'Nijmegen / Beek - Een 19-jarige man uit Beek liep maandag 11 juni tegen de lamp toen hij zaterdag een gestolen laptop aanbod bij een winkel aan de van Welderenstraat in Nijmegen. Hij is aangehouden op verdenking van heling.<br />\n <br />\nDe winkelier chec', '', '2018-06-12 09:27:08', '2019-12-15 14:51:15', 1, '19-jarige-man-uit-beek-aangehouden-voor-heling-laptop'),
(23, 'Vrouw overleden na eenzijdig ongeval in Aalten ', 'http://www.112achterhoek-nieuws.nl/article/21568-vrouw-overleden-na-eenzijdig-ongeval-in-aalten-', 39, '<span style=\"font-family: arial\">Aalten -Een vrouw is dinsdagmiddag verongelukt in Aalten. De automobiliste reed met haar vermoedelijke leenauto tegen een boom.</span><br />\n<span style=\"font-family: arial\"> </span><br />\n<span style=\"font-family: arial\">', '', '2018-06-12 13:31:52', '2019-12-15 14:51:15', 1, 'vrouw-overleden-na-eenzijdig-ongeval-in-aalten-'),
(24, 'Stichting Oersterk dreigt beelden inbreker online te zetten: \'Meld je vóór maandagmiddag\'', 'http://www.112achterhoek-nieuws.nl/article/21569-stichting-oersterk-dreigt-beelden-inbreker-online-te-zetten-meld-je-vr-maandagmiddag', 39, 'Attentie! Graag jullie aandacht voor het volgende:<br />\nUlft –maandag 11 juni is er tussen 17.00 uur en dinsdagmorgen 08.30 uur bij ons ingebroken. Onder andere de televisie (merk: LG), de Playstation en de WII zijn gestolen. Daarnaast is ook het geld da', '', '2018-06-13 06:59:56', '2019-12-15 14:51:15', 1, 'stichting-oersterk-dreigt-beelden-inbreker-online-te-zetten-meld-je-v-r-maandagmiddag-'),
(25, 'Bestuurder slaat op de vlucht na eenzijdig ongeval in Loil ', 'http://www.112achterhoek-nieuws.nl/article/21570-bestuurder-slaat-op-de-vlucht-na-eenzijdig-ongeval-in-loil-', 39, 'Didam / Loil  -Een bestuurder is dinsdagavond op de vlucht geslagen nadat hij over de kop was geslagen met zijn auto nabij Loil. Hij werd even later ingerekend.<br />\n <br />\nHet ongeval gebeurde omstreeks 23.00 uur op de Doesburgseweg. De bestuurder was ', '', '2018-06-13 07:05:00', '2019-12-15 14:51:15', 1, 'bestuurder-slaat-op-de-vlucht-na-eenzijdig-ongeval-in-loil-'),
(26, 'Auto met aanhanger belandt in de greppel N18 tussen Groenlo en Eibergen ', 'http://www.112achterhoek-nieuws.nl/article/21571-auto-met-aanhanger-belandt-in-de-greppel-n18-tussen-groenlo-en-eibergen-', 39, '<span style=\"font-family: arial\">Eibergen /Groenlo -Een auto met aanhanger is woensdagochtend in de greppel van de nieuwe N18 geraakt. De bestuurder raakte tussen Eibergen en Groenlo de controle kwijt over zijn voertuig.</span><br />\n<span style=\"font-fam', '', '2018-06-13 11:10:32', '2019-12-15 14:51:15', 1, 'auto-met-aanhanger-belandt-in-de-greppel-n18-tussen-groenlo-en-eibergen-'),
(27, 'Man (62) aangehouden voor mishandeling agent in Didam', 'http://www.112achterhoek-nieuws.nl/article/21572-man-62-aangehouden-voor-mishandeling-agent-in-didam', 39, 'Didam - Een 62-jarige man uit Didam is dinsdag aangehouden nadat hij een agent mishandelde.<br />\n <br />\nDe agent was rond 17:10 uur bezig met een verkeerscontrole op de Bivankweg toen hij de bestuurder van een landbouwvoertuig een stopteken gaf. De man ', '', '2018-06-13 11:13:36', '2019-12-15 14:51:15', 1, 'man-62-aangehouden-voor-mishandeling-agent-in-didam'),
(28, 'Weer ramkraak bij fietswinkel in Doetinchem', 'http://www.112achterhoek-nieuws.nl/article/21573-weer-ramkraak-bij-fietswinkel-in-doetinchem', 39, '<span style=\"font-family: arial\">Doetinchem -Bij een ramkraak op een fietswinkel in Doetinchem hebben onbekende daders in de nacht van woensdag op donderdag ruim zestigduizend euro aan fietsen buitgemaakt. Het is de tweede keer dat de zaak slachtoffer is ', '', '2018-06-14 09:56:25', '2019-12-15 14:51:15', 1, 'weer-ramkraak-bij-fietswinkel-in-doetinchem'),
(29, '‘Hier kunnen we ons verdriet en onze pijn delen’', 'http://www.112achterhoek-nieuws.nl/article/21574-hier-kunnen-we-ons-verdriet-en-onze-pijn-delen', 39, '<span style=\"font-family: arial\">Warnsveld - Politiemensen en nabestaanden kwamen op donderdag 14 juni bijeen voor de jaarlijkse herdenking van politiemensen die tijdens hun werk om het leven kwamen. In de Tuin van Bezinning in Warnsveld stonden zij gezam', '', '2018-06-14 15:16:03', '2019-12-15 14:51:15', 1, '-hier-kunnen-we-ons-verdriet-en-onze-pijn-delen-'),
(30, 'De Pedaleur gefrustreerd na nieuwe inbraak', 'http://www.112achterhoek-nieuws.nl/article/21575-de-pedaleur-gefrustreerd-na-nieuwe-inbraak', 39, '<span style=\"font-family: arial\">Doetinchem -Fietswinkel De Pedaleur uit Doetinchem is woensdagnacht voor de achtste keer slachtoffer geworden van een inbraak. Bij de kraak hebben onbekende daders ruim zestigduizend euro aan fietsen buitgemaakt, wat zorgt', '', '2018-06-14 15:17:09', '2019-12-15 14:51:15', 1, 'de-pedaleur-gefrustreerd-na-nieuwe-inbraak'),
(31, 'Zwaleman | E-bikes', 'http://www.geldersepost.nl/nieuws/algemeen/210652/zwaleman-e-bikes', 25, 'E-bikes', 'http://pubblestorage.blob.core.windows.net/05e27930/content/2018/5/4eec1f92-fceb-4a41-b763-b7b9ed83aa27.jpg', '2018-06-06 14:06:00', '2019-12-15 14:51:15', 1, 'zwaleman-e-bikes'),
(32, 'Uut &#39;t Wald | Greskaever', 'http://www.geldersepost.nl/nieuws/algemeen/210666/uut-t-wald-greskaever', 25, 'Greskaever', 'http://pubblestorage.blob.core.windows.net/05e27930/content/2018/5/65619521-9f23-4014-9f6d-07b4d3be11bd.jpg', '2018-06-06 13:18:00', '2019-12-15 14:51:15', 1, 'uut-39-t-wald-greskaever'),
(33, '350 jaar Achterhoek | Bennie Jolink: &#39;Laten we niet te gering over onszelf denken&#39; ', 'http://www.geldersepost.nl/nieuws/algemeen/210690/350-jaar-achterhoek-bennie-jolink-laten-we-niet-te-gering-over-onszelf-denken-', 25, 'Door Henri Walterbos', 'http://pubblestorage.blob.core.windows.net/05e27930/content/2018/5/17aa3269-61b7-453a-a9db-6046b1c37130.jpg', '2018-06-07 11:31:00', '2019-12-15 14:51:15', 1, '350-jaar-achterhoek-bennie-jolink-39-laten-we-niet-te-gering-over-onszelf-denken-39-'),
(34, 'Dameswedstrijd nieuw bij Van Raam Ronde van Varsseveld ', 'http://www.geldersepost.nl/nieuws/algemeen/211213/dameswedstrijd-nieuw-bij-van-raam-ronde-van-varsseveld-', 25, 'VARSSEVELD &ndash; Op zaterdag 30 juni viert de Van Raam Ronde van Varsseveld haar eerste lustrum. Voor de vijfde keer strijden de wielrenners tijdens het uitdagende criterium om de winst. Nieuw op het programma (en voor het eerst in de Achterhoek) is een', 'http://pubblestorage.blob.core.windows.net/05e27930/content/2018/6/dc97b606-a470-4d98-af64-dc2fca16a089.jpg', '2018-06-02 06:18:00', '2019-12-15 14:51:15', 1, 'dameswedstrijd-nieuw-bij-van-raam-ronde-van-varsseveld-'),
(35, 'Bijna 600 euro voor kinderboerderij ', 'http://www.geldersepost.nl/nieuws/algemeen/211214/bijna-600-euro-voor-kinderboerderij-', 25, 'GENDRINGEN - Kinderboerderij Engbergen was gedurende het eerste kwartaal van dit jaar het goede doel, waarvoor klanten van Coop Gendringen hun statiegeld konden doneren. Omdat kinderboerderij Engbergen bestaat van giften en donaties, was dit een mooie kan', 'http://pubblestorage.blob.core.windows.net/05e27930/content/2018/6/0dd9590a-d10f-4412-9142-22db911d933f.jpg', '2018-06-02 06:36:00', '2019-12-15 14:51:15', 1, 'bijna-600-euro-voor-kinderboerderij-'),
(36, 'Repair Caf&#233; in De Schuylenburgh  ', 'http://www.geldersepost.nl/nieuws/algemeen/211215/repair-cafe-in-de-schuylenburgh-', 25, 'SILVOLDE - Het is inmiddels een goede traditie geworden, het Repair Caf&eacute; in De Schuylenburgh in Silvolde op iedere tweede zaterdag van de maand.', '', '2018-06-02 06:40:00', '2019-12-15 14:51:15', 1, 'repair-caf-233-in-de-schuylenburgh-'),
(37, 'Zesde editie van Schuyltoer ', 'http://www.geldersepost.nl/nieuws/algemeen/211216/zesde-editie-van-schuyltoer-', 25, 'SILVOLDE - Op zondag 10 juni is de zesde editie van de Schuyltoer: een evenement dat een wandeltocht van 10 km, een rolstoelwandeling van 4 km, een fietstocht van 28 km en een scootmobieltocht van 20 km omvat. Starten kan tussen 13.00 en 14.00 uur in De S', '', '2018-06-02 06:47:00', '2019-12-15 14:51:15', 1, 'zesde-editie-van-schuyltoer-'),
(38, 'Landfort ziet uit naar enthousiaste vrijwilligers met groene vingers ', 'http://www.geldersepost.nl/nieuws/algemeen/211217/landfort-ziet-uit-naar-enthousiaste-vrijwilligers-met-groene-vingers-', 25, 'MEGCHELEN - De historische buitenplaats Landfort in Megchelen houdt op dinsdag 12 juni vanaf 20.00 uur een informatieavond bij Caf&eacute; Jan ter Voert (Oranjeplein 1, Megchelen). Op deze voorlichtingsavond kunnen belangstellenden meer te weten komen ove', 'http://pubblestorage.blob.core.windows.net/05e27930/content/2018/6/7f3fdace-b0ed-4b29-b6d0-217381005fc0.jpg', '2018-06-03 06:54:00', '2019-12-15 14:51:15', 1, 'landfort-ziet-uit-naar-enthousiaste-vrijwilligers-met-groene-vingers-'),
(39, 'Collecteren om insecten te redden ', 'http://www.geldersepost.nl/nieuws/algemeen/211218/collecteren-om-insecten-te-redden-', 25, 'OUDE IJSSELSTREEK - Van maandag 11 juni tot en met zaterdag 16 juni gaan duizenden vrijwilligers van Natuurmonumenten collecteren. De collecte staat dit jaar in het teken van insecten. Het aantal insecten neemt dramatisch af. En dat is erg, want insecten ', '', '2018-06-02 06:57:00', '2019-12-15 14:51:15', 1, 'collecteren-om-insecten-te-redden-'),
(40, 'Opening Beweegtuin Woonzorgpark De Schuylenburgh in Silvolde ', 'http://www.geldersepost.nl/nieuws/algemeen/211219/opening-beweegtuin-woonzorgpark-de-schuylenburgh-in-silvolde-', 25, 'SILVOLDE - Op donderdag 4 juni om 14.30 uur wordt de beweegtuin die is aangelegd in het woonzorgpark De Schuylenburgh officieel geopend. Wethouder Bert Kuster zal het openingswoord verzorgen waarna bewoners, medewerkers en belangstellenden een rondgang do', '', '2018-06-02 07:00:00', '2019-12-15 14:51:15', 1, 'opening-beweegtuin-woonzorgpark-de-schuylenburgh-in-silvolde-'),
(41, 'Leerlingen Wesenthorst en bewoners Debbeshoek samen op pad ', 'http://www.geldersepost.nl/nieuws/algemeen/211221/leerlingen-wesenthorst-en-bewoners-debbeshoek-samen-op-pad-', 25, 'ULFT - Tijdens de Ulftse avondvierdaagse van 6 tot en met 9 juni lopen vier leerlingen van het Almende College locatie Wesenthorst op vrijwillige basis een dag mee met vier bewoners van zorgcentrum Debbeshoek. De leerlingen duwen de bewoners die in de rol', 'http://pubblestorage.blob.core.windows.net/05e27930/content/2018/6/38daaa11-db0f-49de-9654-465212124ca4.jpg', '2018-06-02 07:21:00', '2019-12-15 14:51:15', 1, 'leerlingen-wesenthorst-en-bewoners-debbeshoek-samen-op-pad-'),
(42, 'Azora zoekt vrijwilligers ', 'http://www.geldersepost.nl/nieuws/algemeen/211222/azora-zoekt-vrijwilligers-', 25, 'VARSSEVELD - Vanuit het verpleeghuis Den Es in Varsseveld worden er diverse bewegingsactiviteiten buiten gehouden. Er zijn drie clubs: wandelen (dinsdagmiddag), fietsen (woensdagmiddag) en zwemmen (vrijdagochtend), onder begeleiding van een ervaren fysiot', 'http://pubblestorage.blob.core.windows.net/05e27930/content/2018/6/f2e7bd66-ff17-444c-8376-dc1508767622.jpg', '2018-06-02 07:30:00', '2019-12-15 14:51:15', 1, 'azora-zoekt-vrijwilligers-'),
(43, '  &#39;We zijn blij dat we er weer bij zijn&#39; ', 'http://www.geldersepost.nl/nieuws/algemeen/211276/-we-zijn-blij-dat-we-er-weer-bij-zijn-', 25, 'Michel Jansen, hoofd jeugdopleiding FC Twente, op het Marveldtoernooi', 'http://pubblestorage.blob.core.windows.net/05e27930/content/2018/6/dc0e5553-fea9-491a-8387-a1ef7f61de24.jpg', '2018-06-02 16:32:00', '2019-12-15 14:51:15', 1, '-39-we-zijn-blij-dat-we-er-weer-bij-zijn-39-'),
(44, 'Tuinconcert jubilerend Symfonisch Blaasorkest, voor en door alle leeftijden ', 'http://www.geldersepost.nl/nieuws/algemeen/211409/tuinconcert-jubilerend-symfonisch-blaasorkest-voor-en-door-alle-leeftijden-', 25, 'GAANDEREN - Zoals ieder jaar in de zomer, trakteert Symfonisch Blaasorkest Gaanderen haar publiek ook nu weer op een sfeervol tuinconcert. Traditiegetrouw vindt dit concert plaats in de tuin van caf&eacute;-restaurant Het Onland aan de Rekhemseweg tussen ', 'http://pubblestorage.blob.core.windows.net/05e27930/content/2018/6/af7748ae-7461-491b-b329-c2bd04afba40.jpg', '2018-06-04 16:37:00', '2019-12-15 14:51:15', 1, 'tuinconcert-jubilerend-symfonisch-blaasorkest-voor-en-door-alle-leeftijden-'),
(45, 'Zwaleman | Humor ', 'http://www.geldersepost.nl/nieuws/algemeen/211422/zwaleman-humor-', 25, 'Humor', 'http://pubblestorage.blob.core.windows.net/05e27930/content/2018/6/c7b70694-eb4d-4823-8fd2-8edb3f3a7a6e.jpg', '2018-06-13 11:38:00', '2019-12-15 14:51:15', 1, 'zwaleman-humor-'),
(46, 'Uut &#39;t Wald | Roeten wasken ', 'http://www.geldersepost.nl/nieuws/algemeen/211436/uut-t-wald-roeten-wasken-', 25, 'Roeten wasken', 'http://pubblestorage.blob.core.windows.net/05e27930/content/2018/6/217e5ff1-45d9-4028-b9a4-b8cf2d1a7def.jpg', '2018-06-13 15:53:00', '2019-12-15 14:51:15', 1, 'uut-39-t-wald-roeten-wasken-'),
(47, 'Ons Pakhuus houdt fietsdagtocht ', 'http://www.geldersepost.nl/nieuws/algemeen/211449/ons-pakhuus-houdt-fietsdagtocht-', 25, 'SILVOLDE - Naast de jaarlijkse fietsdriedaagse, die wordt gehouden op 24, 25 en 26 augustus, organiseert Ons Pakhuus een &eacute;&eacute;ndaagse, langere fietstocht. Die wordt gehouden op zondag 24 juni. Deze tocht heeft een lengte van ruim zestig kilomet', 'http://pubblestorage.blob.core.windows.net/05e27930/content/2018/6/dfd7d985-abf8-487f-83bf-5e5ba63fc5fc.jpg', '2018-06-04 17:10:00', '2019-12-15 14:51:15', 1, 'ons-pakhuus-houdt-fietsdagtocht-'),
(48, 'Met Iesselganger naar kasteel Kemnade ', 'http://www.geldersepost.nl/nieuws/algemeen/211450/met-iesselganger-naar-kasteel-kemnade-', 25, 'DOETINCHEM - De Iesselganger voert de passagiers vanaf de Bleek in Doetinchem op 9 juni langs de oevers van de Oude IJssel, naar het schilderachtige Kasteel De Kemnade.', 'http://pubblestorage.blob.core.windows.net/05e27930/content/2018/6/042b91ea-92cf-4be8-be6a-ffab1bdafd39.jpg', '2018-06-04 18:56:00', '2019-12-15 14:51:15', 1, 'met-iesselganger-naar-kasteel-kemnade-'),
(49, 'St. Radboud kan trots zijn op de leerlingen ', 'http://www.geldersepost.nl/nieuws/algemeen/211480/st-radboud-kan-trots-zijn-op-de-leerlingen-', 25, 'SILVOLDE - Zondag traden de leerlingen van harmonie St. Radboud voor het voetlicht op het podium van de Eko Theaterzaal in Ons Pakhuus.', 'http://pubblestorage.blob.core.windows.net/05e27930/content/2018/6/935c4946-b92a-4c95-a59f-13b97c3182c0.jpg', '2018-06-05 06:30:00', '2019-12-15 14:51:15', 1, 'st-radboud-kan-trots-zijn-op-de-leerlingen-'),
(50, 'Grei in de Wei  wederom groot succes ', 'http://www.geldersepost.nl/nieuws/algemeen/211481/grei-in-de-wei-wederom-groot-succes-', 25, 'SILVOLDE - Zondag brachten ruim duizend betalende bezoekers een bezoek aan de rommel- en curiosamarkt Grei in de Wei bij weerstation de Lichtenberg. Onder stralende weersomstandigheden werden er goed zaken gedaan door de diverse standhouders. Vele artikel', 'http://pubblestorage.blob.core.windows.net/05e27930/content/2018/6/91d671bc-837a-4969-8ff4-783dae94a22e.jpg', '2018-06-05 15:34:00', '2019-12-15 14:51:15', 1, 'grei-in-de-wei-wederom-groot-succes-'),
(51, 'Leerzame ervaring voor Nachtegalen bij finale Nederlands Koorfestival ', 'http://www.geldersepost.nl/nieuws/algemeen/211482/leerzame-ervaring-voor-nachtegalen-bij-finale-nederlands-koorfestival-', 25, 'ULFT &ndash; De Nachtegalen, onder leiding van Ben Simmes en met begeleiding van Jelmer Simmes op viool, gingen zaterdag voor de finale van het Nederlands Koorfestival naar Hengelo (O). In Schouwburg Hengelo nam het jeugdkoor, met meiden van tien tot 22 j', 'http://pubblestorage.blob.core.windows.net/05e27930/content/2018/6/2bd8f01d-986f-4f50-992f-0042bb56970f.jpg', '2018-06-05 06:55:00', '2019-12-15 14:51:15', 1, 'leerzame-ervaring-voor-nachtegalen-bij-finale-nederlands-koorfestival-'),
(52, '34ste Gendringse Fietsdagen  ', 'http://www.geldersepost.nl/nieuws/algemeen/211484/34ste-gendringse-fietsdagen-', 25, 'GENDRINGEN - Van 13 tot en met 16 juni zijn de Gendringse Fietsdagen. Het evenement wordt voor de 34ste keer gehouden.', 'http://pubblestorage.blob.core.windows.net/05e27930/content/2018/6/724390f7-37f0-4424-8e3b-4d50b8ca7b97.jpg', '2018-06-05 07:04:00', '2019-12-15 14:51:15', 1, '34ste-gendringse-fietsdagen-'),
(53, 'Geen bekerwinst voor Vrouwen 1 Ulftse Boys ', 'http://www.geldersepost.nl/nieuws/algemeen/211485/geen-bekerwinst-voor-vrouwen-1-ulftse-boys-', 25, 'ULFT - Het is de vrouwen 1 van vv Ulftse Boys afgelopen zaterdag niet gelukt om na het behalen van het kampioenschap in de 4<sup>e</sup> klasse ook de beker district Oost van de KNVB te winnen. Helaas geen &#39;dubbel&#39; voor de dames. In Putten tegen d', 'http://pubblestorage.blob.core.windows.net/05e27930/content/2018/6/5eab25f2-ea98-457e-bb99-fa145a9bddcf.jpg', '2018-06-05 07:13:00', '2019-12-15 14:51:15', 1, 'geen-bekerwinst-voor-vrouwen-1-ulftse-boys-'),
(54, 'Raymond Freriks gehuldigd als &#233;&#233;n van lands beste APK-keurders ', 'http://www.geldersepost.nl/nieuws/algemeen/211486/raymond-freriks-gehuldigd-als-een-van-lands-beste-apk-keurders-', 25, 'ULFT &ndash; Net als de verplichte APK-autokeuring moet ook de keurmeester zelf elke twee jaar opnieuw &#39;gekeurd&#39; worden door de landelijke certificeringsorganisatie IBKI. Monteur Raymond Freriks uit Ulft was &eacute;&eacute;n van de ruim twaalfdui', 'http://pubblestorage.blob.core.windows.net/05e27930/content/2018/6/1414b712-bd39-4d43-bb68-69ab37771429.jpg', '2018-06-05 12:17:00', '2019-12-15 14:51:15', 1, 'raymond-freriks-gehuldigd-als-233-233-n-van-lands-beste-apk-keurders-'),
(55, 'Geslaagd Preuvenement', 'http://www.geldersepost.nl/nieuws/algemeen/211487/geslaagd-preuvenement', 25, 'GENDRINGEN - Het Preuvenement in Gendringen was zeer geslaagd. De gezellige sfeer blijkt uit deze foto&#39;s.', 'http://pubblestorage.blob.core.windows.net/05e27930/content/2018/6/7a83fe0b-43ea-4bd7-a8e2-9784c330ee18.jpg', '2018-06-05 07:26:00', '2019-12-15 14:51:15', 1, 'geslaagd-preuvenement'),
(56, '[advertorial] Veel belangstelling voor WOII op Farm en Country Fair', 'http://www.geldersepost.nl/nieuws/algemeen/211513/-advertorial-veel-belangstelling-voor-woii-op-farm-en-country-fair', 25, 'IJZERLO - De Farm en Countryfair heeft altijd een bijzonder onderdeel op het programma; de Tweede Wereldoorlog. Vanuit het hele land komen ge&iuml;nteresseerden naar IJzerlo om te zien wat de organisatie dit jaar weer aan bijzonderheden in huis heeft geha', 'http://pubblestorage.blob.core.windows.net/05e27930/content/2018/6/71c6a519-d206-4fcb-8565-44eb998c7874.jpg', '2018-06-05 09:58:00', '2019-12-15 14:51:15', 1, '-advertorial-veel-belangstelling-voor-woii-op-farm-en-country-fair'),
(57, 'Lentink zestig jaar innovatief in plaatwerk ', 'http://www.geldersepost.nl/nieuws/algemeen/211584/lentink-zestig-jaar-innovatief-in-plaatwerk-', 25, 'VARSSEVELD - Het metaalbewerkingsbedrijf Lentink viert deze maand het zestigjarige jubileum. De aftrap hiervoor is vandaag (woensdag 6 juni) gedaan.', 'http://pubblestorage.blob.core.windows.net/05e27930/content/2018/6/ac0dea64-3cca-40e9-980b-8defc726c7f0.jpg', '2018-06-06 09:35:00', '2019-12-15 14:51:15', 1, 'lentink-zestig-jaar-innovatief-in-plaatwerk-'),
(58, 'Dennis te Braak stopt als hoofd jeugdopleiding De Graafschap', 'http://www.geldersepost.nl/nieuws/algemeen/211737/dennis-te-braak-stopt-als-hoofd-jeugdopleiding-de-graafschap', 25, 'DOETINCHEM - Hoofd jeugdopleiding van De Graafschap Pincvision Voetbalacademie Dennis te Braak zal zijn aflopende contract niet verlengen.', 'http://pubblestorage.blob.core.windows.net/05e27930/content/2018/6/3ac90f17-f133-47af-81a0-707f1534cd7b.jpg', '2018-06-06 12:28:00', '2019-12-15 14:51:15', 1, 'dennis-te-braak-stopt-als-hoofd-jeugdopleiding-de-graafschap'),
(59, 'Jos&#233; Penterman-Kemkens neemt afscheid van Het Bariet ', 'http://www.geldersepost.nl/nieuws/algemeen/211749/jose-penterman-kemkens-neemt-afscheid-van-het-bariet-', 25, '&#39;Ik nodig oud-leerlingen van harte uit&#39;', 'http://pubblestorage.blob.core.windows.net/05e27930/content/2018/6/d0d80430-1db1-4df6-9cb4-0ee376b40ca1.jpg', '2018-06-06 12:54:00', '2019-12-15 14:51:15', 1, 'jos-233-penterman-kemkens-neemt-afscheid-van-het-bariet-'),
(60, 'Joop Beuting blijft strijden voor mensen met een Duits pensioen ', 'http://www.geldersepost.nl/nieuws/algemeen/211838/joop-beuting-blijft-strijden-voor-mensen-met-een-duits-pensioen-', 25, 'LIEVELDE/REGIO - Joop Beuting (77) uit Lievelde is al een aantal jaren bezig met het actievoeren voor mensen met een Duits pensioen (eigenlijk Altesrente). Die mensen, vooral afkomstig uit de grensstreken zoals de Achterhoek, moeten vanaf 2017 meer belast', '', '2018-06-06 15:09:00', '2019-12-15 14:51:15', 1, 'joop-beuting-blijft-strijden-voor-mensen-met-een-duits-pensioen-'),
(61, 'Statencommissies bespreken Voorjaarsnota en dubbelspoor op traject Arnhem-Winterwijk ', 'http://www.geldersepost.nl/nieuws/algemeen/211886/statencommissies-bespreken-voorjaarsnota-en-dubbelspoor-op-traject-arnhem-', 25, 'REGIO - Ligt de provincie Gelderland op koers met de uitvoering van het coalitieakkoord? Hoe zit het met het geld voor de doelen van dit jaar? Blijft er voldoende budget over voor toekomstige plannen? Het gaat goed met de Gelderse economie en de baten (in', 'http://pubblestorage.blob.core.windows.net/05e27930/content/2018/6/ab2f2e2c-5fe1-4aba-a6dd-97efea61ca26.jpg', '2018-06-07 09:50:00', '2019-12-15 14:51:15', 1, 'statencommissies-bespreken-voorjaarsnota-en-dubbelspoor-op-traject-arnhem-winterwijk-'),
(62, '&#39;Mevrouw, hoe duur zijn uw boeken, want ik wil er &#233;&#233;n kopen&#39; ', 'http://www.geldersepost.nl/nieuws/algemeen/212020/-mevrouw-hoe-duur-zijn-uw-boeken-want-ik-wil-er-een-kopen-', 25, 'Schrijfster Margje Woodrow boeit op Wesenthorst', 'http://pubblestorage.blob.core.windows.net/05e27930/content/2018/6/8d07bf91-17dd-4b3a-9e1e-e261a806869d.jpg', '2018-06-08 12:23:00', '2019-12-15 14:51:15', 1, '-39-mevrouw-hoe-duur-zijn-uw-boeken-want-ik-wil-er-233-233-n-kopen-39-'),
(63, 'Dennis te Braak aan de slag bij jeugdopleiding Feyenoord', 'http://www.geldersepost.nl/nieuws/algemeen/212139/dennis-te-braak-aan-de-slag-bij-jeugdopleiding-feyenoord', 25, 'DOETINCHEM - Hoofdjeugdopleiding van De Graafschap Dennis te Braak gaf vorige week te kennen te stoppen bij de kersverse eredivisionist. Hij gaat volgend seizoen aan de slag bij de jeugdopleiding van Feyenoord. Bij de topclub uit Rotterdam wordt de 45-jar', 'http://pubblestorage.blob.core.windows.net/05e27930/content/2018/6/a68c23cc-9a54-4e4a-9eb5-dc899e6c7b1b.jpg', '2018-06-11 15:57:00', '2019-12-15 14:51:15', 1, 'dennis-te-braak-aan-de-slag-bij-jeugdopleiding-feyenoord'),
(64, 'Drukke weken voor Bergh in het Zadel', 'http://www.geldersepost.nl/nieuws/algemeen/212157/drukke-weken-voor-bergh-in-het-zadel', 25, '&#39;s-HEERENBERG &ndash; Bergh in het Zadel heeft drukke weken achter de rug. Het begon allemaal op zaterdag 26 mei met de jaarlijkse Ambassadeurstref, een week later gevolgd door de Re&uuml;nietocht, de grote trainingstocht voor de tocht van volgend jaa', 'http://pubblestorage.blob.core.windows.net/05e27930/content/2018/6/27e5f7c7-66d0-4255-8fa2-a0d43d356d36.jpg', '2018-06-11 13:22:00', '2019-12-15 14:51:15', 1, 'drukke-weken-voor-bergh-in-het-zadel'),
(65, 'Deelnemers Special Olympics zwemmen vervroegde zwemtocht ', 'http://www.geldersepost.nl/nieuws/algemeen/212174/deelnemers-special-olympics-zwemmen-vervroegde-zwemtocht-', 25, 'Deelnemers Special Olympics zwemmen\nvervroegde zwemtocht', 'http://pubblestorage.blob.core.windows.net/05e27930/content/2018/6/7cf94f01-23e3-402f-83f7-dfe84f29e105.jpg', '2018-06-11 16:36:00', '2019-12-15 14:51:15', 1, 'deelnemers-special-olympics-zwemmen-vervroegde-zwemtocht-'),
(66, 'Zwarte Cross Talententuin in Achterhoek Nieuws ', 'http://www.geldersepost.nl/nieuws/algemeen/212175/zwarte-cross-talententuin-in-achterhoek-nieuws-', 25, '<p class=\"lead\" style=\"font-size:120%;font-weight:bold;\">ACHTERHOEK - Farhaan (14) en Ibrahim (17) Abdi Ali uit Groenlo werken iedere dag keihard om persoonlijke records te breken op de atletiekbaan. Herman IJzerman traint de Somalische broers die een ong', 'http://pubblestorage.blob.core.windows.net/05e27930/content/2018/6/05f49067-cf47-414f-9ab0-8e46cb7dfd17.jpg', '2018-06-11 16:52:00', '2019-12-15 14:51:15', 1, 'zwarte-cross-talententuin-in-achterhoek-nieuws-'),
(67, 'Muziek aan het water ', 'http://www.geldersepost.nl/nieuws/algemeen/212178/muziek-aan-het-water-', 25, 'ULFT - In samenwerking met Songs &amp; Whispers brengt de DRU Cultuurfabriek deze zomer &#39;muziek aan het water&#39; Afgelopen zaterdag was dat de Amerikaanse singer/songwriter Nico Rivers, een uit Boston afkomstige muzikant. Samen met zijn band The Bla', 'http://pubblestorage.blob.core.windows.net/05e27930/content/2018/6/09fece14-9dab-46b3-8b56-939e30868c77.jpg', '2018-06-11 17:11:00', '2019-12-15 14:51:15', 1, 'muziek-aan-het-water-'),
(68, 'Nieuwe World Press Photo-tentoonstelling komt naar Zutphen ', 'http://www.geldersepost.nl/nieuws/algemeen/212245/nieuwe-world-press-photo-tentoonstelling-komt-naar-zutphen-', 25, 'ZUTPHEN &ndash; World Press Photo komt opnieuw naar Zutphen met de beste visuele journalistiek van het afgelopen jaar. De allernieuwste tentoonstelling is van 6 tot en met 29 juli te zien in de Walburgiskerk. Het is de vierde keer dat Zutphen in de indruk', 'http://pubblestorage.blob.core.windows.net/05e27930/content/2018/6/b80ce4fa-6957-4e09-9ee5-248b50b48cd0.jpg', '2018-06-12 08:37:00', '2019-12-15 14:51:15', 1, 'nieuwe-world-press-photo-tentoonstelling-komt-naar-zutphen-'),
(69, 'Oplossing voor voormalige gevangenis De Kruisberg ', 'http://www.geldersepost.nl/nieuws/algemeen/212301/oplossing-voor-voormalige-gevangenis-de-kruisberg-', 25, 'DOETINCHEM - Na het vertrek van de asielzoekers staat het complex De Kruisberg al geruime tijd leeg. De eigenaar, het Rijksvastgoedbedrijf, is op zoek naar een koper. Gezien de enorme oppervlakte van de terreinen en gebouwen is dat geen gemakkelijke opgav', 'http://pubblestorage.blob.core.windows.net/05e27930/content/2018/6/bb131880-31f2-490f-b62c-abd967ccd65c.jpg', '2018-06-12 11:00:00', '2019-12-15 14:51:15', 1, 'oplossing-voor-voormalige-gevangenis-de-kruisberg-'),
(70, 'Voetbal helpt bij grensoverschrijdend zaken doen ', 'http://www.geldersepost.nl/nieuws/algemeen/212489/voetbal-helpt-bij-grensoverschrijdend-zaken-doen-', 25, 'BOCHOLT - Nederlandse en Duitse ondernemers met een passie voor voetbal ontmoetten elkaar dinsdag 12 juni in het clubgebouw van FC Bocholt. Daar hield het Internationaal Netwerkbureau in samenwerking met 1. FC Bocholt een ondernemersbijeenkomst.', 'http://pubblestorage.blob.core.windows.net/05e27930/content/2018/6/27f7558a-f62c-49de-8760-108f83ca7313.jpg', '2018-06-13 17:41:00', '2019-12-15 14:51:15', 1, 'voetbal-helpt-bij-grensoverschrijdend-zaken-doen-'),
(71, 'Column Oerend Smart - Special Olympics ', 'http://www.geldersepost.nl/nieuws/column/211552/column-oerend-smart-special-olympics-', 25, 'Een sporthal vol matjes en slaapzakken. In de hoek staat een been. Ik schrik en kijk nog een keer. Ja, ik zie het goed. Er staat een been naast een slaapplek. Op het matje ligt een jongen, hij krijgt me vriendelijk aan. Hij lacht wanneer ik zijn blik ontm', 'http://pubblestorage.blob.core.windows.net/05e27930/content/2018/6/b75db518-a4e7-4a53-9489-4afb5b2e8852.jpg', '2018-06-05 13:22:00', '2019-12-15 14:51:15', 1, 'column-oerend-smart---special-olympics-'),
(72, 'Dave van der Steen terug bij Soccer Boys', 'http://www.hartvanlansingerland.nl/nieuws/algemeen/16549/dave-van-der-steen-terug-bij-soccer-boys', 45, 'Bleiswijk - Met veel plezier kondigt Soccer Boys de terugkeer van Dave van der Steen in de selectie aan. Dave heeft vanaf jongs af aan bij Soccer Boys gespeeld en daar vrijwel altijd in de standaard jeugdelftallen gevoetbald.', 'http://pubblestorage.blob.core.windows.net/bcfb000d/content/2018/6/2d61e0eb-45d3-4d18-abc2-4141298776de.jpg', '2018-06-08 12:54:00', '2019-12-15 14:51:15', 1, 'dave-van-der-steen-terug-bij-soccer-boys'),
(73, '[JOB IS TOP] Schipper van veerpont &#39;t Verlaat ', 'http://www.hartvanlansingerland.nl/nieuws/algemeen/16550/-job-is-top-schipper-van-veerpont-t-verlaat-', 45, 'Bleiswijk &ndash; Deze week varen we mee met schipper Hans van den Meerendonk, een van de veertien vrijwilligers van Staatsbosbeheer die bij toerbeurt aan het roer staan van het voetveer tussen Bleiswijk en Zevenhuizen. &quot;Het is een overzetveer maar h', 'http://pubblestorage.blob.core.windows.net/bcfb000d/content/2018/6/3793fea5-8fe2-477f-806f-f7eb99d544b3.jpg', '2018-06-09 09:01:00', '2019-12-15 14:51:15', 1, '-job-is-top-schipper-van-veerpont-39-t-verlaat-'),
(74, '[FOTO&#39;S] Lansingerland Live groot feest ', 'http://www.hartvanlansingerland.nl/nieuws/algemeen/16551/-foto-s-lansingerland-live-groot-feest-', 45, 'Lansingerland - De eerste editie van Lansingerland Live is een daverend succes geworden. Twee dagen lang stond het Annie M.G. Schmidtpark in het teken van muziek, lekker eten en bovenal een enorm gezellig samenzijn.', 'http://pubblestorage.blob.core.windows.net/bcfb000d/content/2018/6/36df150d-878e-467b-bafa-446a3077abab.jpg', '2018-06-12 09:14:00', '2019-12-15 14:51:15', 1, '-foto-39-s-lansingerland-live-groot-feest-'),
(75, 'Verkoop megakavel op bedrijventerrein Oudeland ', 'http://www.hartvanlansingerland.nl/nieuws/algemeen/16552/verkoop-megakavel-op-bedrijventerrein-oudeland-', 45, 'Lansingerland - Vorige week, tijdens de Provada vakbeurs, hebben wethouder Abee van de gemeente Lansingerland en Ralph Caspanni van Heylen Warehouses, hun handtekeningen gezet onder de verkoopovereenkomst voor een bedrijfskavel van bijna 7 hectare groot o', 'http://pubblestorage.blob.core.windows.net/bcfb000d/content/2018/6/140bd9a9-ca64-48d2-8aee-096600ec1a50.jpg', '2018-06-13 09:30:00', '2019-12-15 14:51:15', 1, 'verkoop-megakavel-op-bedrijventerrein-oudeland-'),
(76, 'Eikenprocessierups duikt op', 'http://www.hartvanlansingerland.nl/nieuws/algemeen/16553/eikenprocessierups-duikt-op', 45, 'Lansingerland - De eikenprocessierups is weer gesignaleerd in Lansingerland. Deze rupsen kunnen met hun brandharen lichamelijke klachten bij mens en dier veroorzaken.', 'http://pubblestorage.blob.core.windows.net/bcfb000d/content/2018/6/8c11d2fd-f884-4755-bcfd-8f3d2cdacb66.jpg', '2018-06-13 09:38:00', '2019-12-15 14:51:15', 1, 'eikenprocessierups-duikt-op'),
(77, '[UPDATE] Sherana (9) vermist in Berkel', 'http://www.hartvanlansingerland.nl/nieuws/algemeen/16554/sherana-9-vermist-in-berkel', 45, 'Lansingerland - De politie zoekt in Berkel en Rodenrijs met man en macht naar de negenjarige Sherana.', 'http://pubblestorage.blob.core.windows.net/bcfb000d/content/2018/6/8aaeb43d-570d-4921-9047-aabaad12f8ea.jpg', '2018-06-13 12:39:00', '2019-12-15 14:51:15', 1, '-update-sherana-9-vermist-in-berkel'),
(78, 'Vacaturegids ook online: werken met plezier!', 'http://www.hartvanlansingerland.nl/nieuws/algemeen/16555/vacaturegids-ook-online-werken-met-plezier-', 45, 'Lansingerland - In onze edities in Pijnacker-Nootdorp, Zoetermeer, Lansingerland en Leidschendam-Voorburg treft u deze week een speciale Vacaturegids.', 'http://pubblestorage.blob.core.windows.net/bcfb000d/content/2018/6/cb490c5f-68b4-4088-bed7-f8bee8b6b779.jpg', '2018-06-13 13:38:00', '2019-12-15 14:51:15', 1, 'vacaturegids-ook-online-werken-met-plezier-'),
(79, 'Coalitieakkoord en nieuwe wethouders gepresenteerd ', 'http://www.hartvanlansingerland.nl/nieuws/algemeen/16556/coalitieakkoord-en-nieuwe-wethouders-gepresenteerd-', 45, 'Lansingerland &ndash; Groeien, versterken, koesteren. Dat zijn de drie belangrijkste woorden van het coalitieakkoord van Leefbaar 3B, VVD, CDA en ChristenUnie. Ze staan op de voorpagina van het akkoord. Gisterochtend presenteerden de partijen hun plannen ', 'http://pubblestorage.blob.core.windows.net/bcfb000d/content/2018/6/256460c7-6af2-484a-9912-501296b7f90b.jpg', '2018-06-14 09:48:00', '2019-12-15 14:51:15', 1, 'coalitieakkoord-en-nieuwe-wethouders-gepresenteerd-'),
(80, 'CDA kiest wethouder die niet in Lansingerland woont ', 'http://www.hartvanlansingerland.nl/nieuws/algemeen/16558/cda-kiest-wethouder-die-niet-in-lansingerland-woont-', 45, 'Lansingerland &ndash; Albert Abee. Dat is de kandidaat die CDA opnieuw naar voren schuift voor hun wethouderspost. De afgelopen vier jaar was hij ook al wethouder, maar verhuizen naar Lansingerland kwam er maar niet van. En dat terwijl dat wel moet van de', 'http://pubblestorage.blob.core.windows.net/bcfb000d/content/2018/6/5954e5b7-7d18-403f-8170-1b5b3b27b02c.jpg', '2018-06-14 12:52:00', '2019-12-15 14:51:15', 1, 'cda-kiest-wethouder-die-niet-in-lansingerland-woont-'),
(81, 'Brandweer rukt uit naar gemeentehuis', 'http://www.hartvanlansingerland.nl/nieuws/algemeen/16559/brandweer-rukt-uit-naar-gemeentehuis', 45, 'Bergschenhoek - De brandweer is dinsdag 12 juni omstreeks 18.40 uur gealarmeerd voor brandmelding in het gemeentehuis aan de Tobias Asserlaan in Bergschenhoek.', 'http://pubblestorage.blob.core.windows.net/bcfb000d/content/2018/6/92e1b56f-e247-471e-ac5c-8f217ffec773.jpg', '2018-06-14 10:07:00', '2019-12-15 14:51:15', 1, 'brandweer-rukt-uit-naar-gemeentehuis'),
(82, 'Traumahelikopter landt in Bleiswijk', 'http://www.hartvanlansingerland.nl/nieuws/algemeen/16560/traumahelikopter-landt-in-bleiswijk', 45, 'Bleiswijk - Gisteravond zijn de hulpdiensten massaal gealarmeerd voor een medische noodsituatie in een woning aan de Nachtegaallaan in Bleiswijk.', 'http://pubblestorage.blob.core.windows.net/bcfb000d/content/2018/6/217c7b14-1c48-4b23-9609-22d5eb24720e.jpg', '2018-06-14 10:18:00', '2019-12-15 14:51:15', 1, 'traumahelikopter-landt-in-bleiswijk'),
(83, 'Langste stormbaan in Zoetermeer, 380 meter met 15 springkussens', 'http://www.hartvanlansingerland.nl/nieuws/algemeen/16561/langste-stormbaan-in-zoetermeer-380-meter-met-15-springkussens', 45, 'Iedereen weet het natuurlijk al, maar Attractiecentrum Zoetermeer aan de Wattstraat heeft de naam veranderd in &#39;Gamecity | Go-Karting&#39;. De nieuwe eigenaar Wim van der Kooij jr. en operationeel manager Ewald Hulleman hebben gigantisch veel werk ver', 'http://pubblestorage.blob.core.windows.net/bcfb000d/content/2018/6/f8c747d0-05b1-414b-9612-6f747d79f9fe.jpg', '2018-06-14 13:42:00', '2019-12-15 14:51:15', 1, 'langste-stormbaan-in-zoetermeer-380-meter-met-15-springkussens'),
(84, 'Cursus EHBO', 'http://www.oudeijsselstreekvizier.nl/nieuws/algemeen/441152/cursus-ehbo', 42, 'U<span spanstyle=\"Plaatsnaam\">lft </span>- In september 2018 start de EHBO Ulft bij voldoende deelname met een nieuwe cursus EHBO in het Almende College locatie Wesenthorst, ingang Debbeshoek.', '', '2018-05-31 10:04:00', '2019-12-15 14:51:15', 1, 'cursus-ehbo'),
(85, 'Collecte voor insecten', 'http://www.oudeijsselstreekvizier.nl/nieuws/algemeen/441782/collecte-voor-insecten', 42, 'O<span spanstyle=\"Plaatsnaam\">ude IJsselstreek </span>- Van maandag 11 juni tot en met zaterdag 16 juni gaan duizenden vrijwilligers van Natuurmonumenten collecteren. De collecte staat dit jaar in het teken van insecten. Het aantal insecten neemt dramatis', '', '2018-06-01 07:32:00', '2019-12-15 14:51:15', 1, 'collecte-voor-insecten'),
(86, 'Column Remko Alberink: Zonnestralen ', 'http://www.oudeijsselstreekvizier.nl/nieuws/algemeen/441805/column-remko-alberink-zonnestralen-', 42, 'De zomer, zelden verliep de warming-up voor de vakantieperiode met zo&#39;n warmte als de afgelopen periode. Lekker op het terras bij d&#39;Olde M&ouml;lle in Varsseveld na een partijtje biljart, en ijsje eten bij Tiemessen in Etten of een wandelingetje d', 'http://pubblestorage.blob.core.windows.net/d9c7ad83/content/2018/6/f0a8072a-a1e0-41d4-9a40-6f5d01dac8fc.jpg', '2018-06-05 10:00:00', '2019-12-15 14:51:15', 1, 'column-remko-alberink-zonnestralen-'),
(87, 'Leerlingen Wesenthorst en bewoners Debbeshoek lopen samen de vierdaagse ', 'http://www.oudeijsselstreekvizier.nl/nieuws/algemeen/442063/leerlingen-wesenthorst-en-bewoners-debbeshoek-lopen-samen-de-vierdaagse-', 42, 'Ulft - Tijdens de Ulftse avondvierdaagse van 6 tot en met 9 juni lopen vier leerlingen van het Almende College locatie Wesenthorst op vrijwillige basis een dag mee met vier bewoners van zorgcentrum Debbeshoek. De leerlingen duwen de bewoners die in de rol', 'http://pubblestorage.blob.core.windows.net/d9c7ad83/content/2018/6/f8bfc39a-b2fe-4253-b935-f741a6739580.jpg', '2018-06-01 12:21:00', '2019-12-15 14:51:15', 1, 'leerlingen-wesenthorst-en-bewoners-debbeshoek-lopen-samen-de-vierdaagse-'),
(88, 'Maandelijkse rondleiding over het DRU Industriepark ', 'http://www.oudeijsselstreekvizier.nl/nieuws/algemeen/442919/maandelijkse-rondleiding-over-het-dru-industriepark-', 42, 'Ulft - Zondag 10 juni kan er weer deelgenomen worden aan een rondleiding over het DRU Industriepark, , waarvoor belangstellenden zich kunnen aanmelden.', '', '2018-06-03 18:57:00', '2019-12-15 14:51:15', 1, 'maandelijkse-rondleiding-over-het-dru-industriepark-'),
(89, 'Varsseveld tikt een eitje weg ', 'http://www.oudeijsselstreekvizier.nl/nieuws/algemeen/443021/varsseveld-tikt-een-eitje-weg-', 42, 'door Nick Moritz', 'http://pubblestorage.blob.core.windows.net/d9c7ad83/content/2018/6/a7006da2-5b47-4599-a271-db17c4db7233.jpg', '2018-06-07 07:07:00', '2019-12-15 14:51:15', 1, 'varsseveld-tikt-een-eitje-weg-'),
(90, '&#39;De openheid hier sprak me aan&#39; ', 'http://www.oudeijsselstreekvizier.nl/nieuws/algemeen/443026/-de-openheid-hier-sprak-me-aan-', 42, 'door Carla van der Meer', 'http://pubblestorage.blob.core.windows.net/d9c7ad83/content/2018/6/10aa28d0-8e15-4b5f-9d5e-f41aa8e5c89e.jpg', '2018-06-06 14:13:00', '2019-12-15 14:51:15', 1, '-39-de-openheid-hier-sprak-me-aan-39-'),
(91, 'Enthousiaste leerlingen bij project IJzerwijs ', 'http://www.oudeijsselstreekvizier.nl/nieuws/algemeen/443028/enthousiaste-leerlingen-bij-project-ijzerwijs-', 42, 'Ulft - Vorige week heeft bij Innovatiecentrum ICER in Ulft de projectweek IJzerwijs plaatsgevonden. Aan dit project hebben zo&#39;n 250 leerlingen van groep 8 vanuit diverse basisscholen meegedaan.', 'http://pubblestorage.blob.core.windows.net/d9c7ad83/content/2018/6/a9887d0c-3e73-4902-bbf6-610872636097.jpg', '2018-06-04 13:18:00', '2019-12-15 14:51:15', 1, 'enthousiaste-leerlingen-bij-project-ijzerwijs-'),
(92, 'Fotogeniek: Job en Linn ', 'http://www.oudeijsselstreekvizier.nl/nieuws/algemeen/443192/fotogeniek-job-en-linn-', 42, '<span spanstyle=\"Plaatsnaam\">Silvolde</span> - Deze keer kwam onze fotograaf Roel Kleinpenning voor de rubriek Fotogeniek Job en Linn tegen. Hiervoor zet hij met toestemming van de ouders kinderen op de foto.', 'http://pubblestorage.blob.core.windows.net/d9c7ad83/content/2018/6/6f40c873-e2eb-4c79-92b1-0e580b1386b2.jpg', '2018-06-05 07:12:00', '2019-12-15 14:51:15', 1, 'fotogeniek-job-en-linn-'),
(93, 'Kindervakantiekamp voor allemaal ', 'http://www.oudeijsselstreekvizier.nl/nieuws/algemeen/443222/kindervakantiekamp-voor-allemaal-', 42, 'Oude IJsselstreek - De gemeente Oude IJsselstreek start in de zomervakantie met het experiment Kindervakantiekamp plus. Het kamp wordt georganiseerd door De Vennebulten in Varsseveld. De bedoeling is dat aan dit kindervakantiekamp alle kinderen kunnen dee', '', '2018-06-06 07:40:00', '2019-12-15 14:51:15', 1, 'kindervakantiekamp-voor-allemaal-'),
(94, 'Opgeleefd SAM deelt uit ', 'http://www.oudeijsselstreekvizier.nl/nieuws/algemeen/443301/opgeleefd-sam-deelt-uit-', 42, 'door Nick Moritz', 'http://pubblestorage.blob.core.windows.net/d9c7ad83/content/2018/6/15604fb3-14c9-4687-a4ce-5b35f5645373.jpg', '2018-06-06 11:08:00', '2019-12-15 14:51:15', 1, 'opgeleefd-sam-deelt-uit-'),
(95, 'Alberto Jansen grijpt tweede kans ', 'http://www.oudeijsselstreekvizier.nl/nieuws/algemeen/443303/alberto-jansen-grijpt-tweede-kans-', 42, 'door Marcel van Berkum', 'http://pubblestorage.blob.core.windows.net/d9c7ad83/content/2018/6/3f990585-e62d-4956-86f9-52328625244c.jpg', '2018-06-06 17:12:00', '2019-12-15 14:51:15', 1, 'alberto-jansen-grijpt-tweede-kans-');
INSERT INTO `posts` (`id`, `title`, `link`, `source_id`, `description`, `featured_image`, `created_at`, `updated_at`, `categorized`, `slug`) VALUES
(96, 'Gelderse ouderen genieten van muzikale middag ', 'http://www.oudeijsselstreekvizier.nl/nieuws/algemeen/443516/gelderse-ouderen-genieten-van-muzikale-middag-', 42, 'Regio - Zondag 3 juni werden meer dan 200 Gelderse ouderen getrakteerd op een speciaal voor Stichting Vier het Leven samengestelde voorstelling door Cor Bakker en zangers Gerard Alderliefste en Philippe Elan in het Musiater in Zevenaar. Deze middag werd m', 'http://pubblestorage.blob.core.windows.net/d9c7ad83/content/2018/6/bf2a5af9-82c7-43ef-88f9-750cfbdc39ba.jpg', '2018-06-04 19:26:00', '2019-12-15 14:51:15', 1, 'gelderse-ouderen-genieten-van-muzikale-middag-'),
(97, 'Oude tijden herleven', 'http://www.oudeijsselstreekvizier.nl/nieuws/algemeen/443616/oude-tijden-herleven', 42, 'Gendringen - Zaterdag 2 juni genoot in het openluchttheater Engbergen een ruim 800 koppige publiek van een geweldig optreden ven de ABBA tributeband. Alle bekende ABBA nummers werden ten gehore gebracht.', 'http://pubblestorage.blob.core.windows.net/d9c7ad83/content/2018/6/a4b29d4e-fc70-4edf-be05-0137662da0dd.jpg', '2018-06-04 14:26:00', '2019-12-15 14:51:15', 1, 'oude-tijden-herleven'),
(98, 'Loterij voor Oude IJsselstreek Muziekevenement 65+', 'http://www.oudeijsselstreekvizier.nl/nieuws/algemeen/445462/loterij-voor-oude-ijsselstreek-muziekevenement-65-', 42, 'Ulft - <span spanstyle=\"Plaatsnaam\">Op zaterdag 16 Juni wordt bij de Jumbo en Albert Heijn in Ulft een loterij gehouden om geld in te zamelen voor het Oude IJsselstreek Muziekevenement 65+.  Van 10.00 tot 15.00 uur staat voor de deur van Jumbo &egrave;n A', '', '2018-06-06 12:02:00', '2019-12-15 14:51:15', 1, 'loterij-voor-oude-ijsselstreek-muziekevenement-65-'),
(99, 'Estinea en gemeente kijken in elkaars keuken ', 'http://www.oudeijsselstreekvizier.nl/nieuws/algemeen/445532/estinea-en-gemeente-kijken-in-elkaars-keuken-', 42, 'Gendringen/Megchelen - Medewerkers van de gemeente Oude IJsselstreek en mensen met een beperking van Estinea hebben op maandag 4 en dinsdag 5 juni in elkaars keuken gekeken.', 'http://pubblestorage.blob.core.windows.net/d9c7ad83/content/2018/6/77254988-d09f-46f0-b6ef-ddf03de97306.jpg', '2018-06-06 13:04:00', '2019-12-15 14:51:15', 1, 'estinea-en-gemeente-kijken-in-elkaars-keuken-'),
(100, 'Juffrouw Audrey met pensioen ', 'http://www.oudeijsselstreekvizier.nl/nieuws/algemeen/445858/juffrouw-audrey-met-pensioen-', 42, 'Terborg - Op 29 juni neemt juffrouw Audrey, van basisschool Dynamiek uit Terborg, feestelijk afscheid van het onderwijs.', '', '2018-06-07 08:55:00', '2019-12-15 14:51:15', 1, 'juffrouw-audrey-met-pensioen-'),
(101, 'Stef Wissing Schutterskoning Megchelen ', 'http://www.oudeijsselstreekvizier.nl/nieuws/algemeen/445860/stef-wissing-schutterskoning-megchelen-', 42, 'Megchelen - Bij het koningschieten op de Megchelse kermis heeft Stef Wissing na een spannende strijd de romp naar beneden gehaald waarmee hij Schutterskoning van Megchelen is geworden. Hij koos zijn vrouw Dorien als koningin.', 'http://pubblestorage.blob.core.windows.net/d9c7ad83/content/2018/6/b281ee42-1f23-4882-bd47-757736f4e7f9.jpg', '2018-06-07 09:00:00', '2019-12-15 14:51:15', 1, 'stef-wissing-schutterskoning-megchelen-'),
(102, '34e Gendringse Fietsdagen ', 'http://www.oudeijsselstreekvizier.nl/nieuws/algemeen/445909/34e-gendringse-fietsdagen-', 42, 'Gendringen - Van 13 tot en met 16 juni wordt voor de 34e keer de traditionele Gendringse Fietsdagen gehouden.', 'http://pubblestorage.blob.core.windows.net/d9c7ad83/content/2018/6/cd1211e7-3a6a-4015-9a21-157925a3423b.jpg', '2018-06-10 09:31:00', '2019-12-15 14:51:15', 1, '34e-gendringse-fietsdagen-'),
(103, 'Biebtip: Klont ', 'http://www.oudeijsselstreekvizier.nl/nieuws/algemeen/446505/biebtip-klont-', 42, 'OUDE IJSSELSTREEK - Deze krant en bibliotheek Achterhoekse Poort werken samen in de online rubriek Biebtips. Elke twee weken geeft een medewerker van de bibliotheek een tip voor een boek of dvd.', 'http://pubblestorage.blob.core.windows.net/d9c7ad83/content/2018/6/a5e71d86-fe8b-4179-bf89-b5ba841c7b1e.jpg', '2018-06-08 07:03:00', '2019-12-15 14:51:15', 1, 'biebtip-klont-'),
(104, 'Wandelen of fietsen met uw smartphone ', 'http://www.oudeijsselstreekvizier.nl/nieuws/algemeen/446527/wandelen-of-fietsen-met-uw-smartphone-', 42, 'Varsseveld/Terborg - De Bibliotheek Achterhoekse Poort organiseert in juni opnieuw workshops waarin de handigheidjes van fiets- en wandelapps worden geleerd, er wordt ook praktisch geoefend.', 'http://pubblestorage.blob.core.windows.net/d9c7ad83/content/2018/6/e8a82d79-6af6-4c0e-b211-26ab4cd7c1e6.jpg', '2018-06-10 07:21:00', '2019-12-15 14:51:15', 1, 'wandelen-of-fietsen-met-uw-smartphone-'),
(105, 'Auteur Margje Woodrow boeit op Wesenthorst ', 'http://www.oudeijsselstreekvizier.nl/nieuws/algemeen/446532/auteur-margje-woodrow-boeit-op-wesenthorst-', 42, 'Ulft- Alle leerlingen uit het tweede leerjaar van het Almende College locatie Wesenthorst bezochten dinsdag 5 juni een gastles van schrijfster Margje Woodrow. De auteur is bekend vanwege haar jeugdthrillers zoals &lsquo;Examendeal&rsquo; en &lsquo;Kater&r', 'http://pubblestorage.blob.core.windows.net/d9c7ad83/content/2018/6/8b908754-58ff-4571-b6ff-a287c5eaf173.jpg', '2018-06-08 07:26:00', '2019-12-15 14:51:15', 1, 'auteur-margje-woodrow-boeit-op-wesenthorst-'),
(106, 'Fien geeft gastles over zwerfafval ', 'http://www.oudeijsselstreekvizier.nl/nieuws/algemeen/447782/13-jarige-fien-geeft-gastles-over-zwerfafval-', 42, 'Gendringen - De 13-jarige Fien Snelting uit Megchelen vindt dat een schone gemeente bij jezelf begint. Daarom geeft ze volgende week woensdag voorlichting over zwerfafval en over het belang van afval scheiden en recyclen aan leerlingen van groep 8 van de ', 'http://pubblestorage.blob.core.windows.net/d9c7ad83/content/2018/6/fe983258-03b8-44a8-858d-12b1a350735e.jpg', '2018-06-11 07:03:00', '2019-12-15 14:51:15', 1, 'fien-geeft-gastles-over-zwerfafval-'),
(107, 'Zommermarkt en Zommerrun  ', 'http://www.oudeijsselstreekvizier.nl/nieuws/algemeen/447987/zommermarkt-en-zommerrun-', 42, 'door Marcel van Berkum', 'http://pubblestorage.blob.core.windows.net/d9c7ad83/content/2018/6/42b00747-9650-4ce6-b794-fa760d49d2eb.jpg', '2018-06-13 09:06:00', '2019-12-15 14:51:15', 1, 'zommermarkt-en-zommerrun-'),
(108, 'Bontebrug in zeven zuilen ', 'http://www.oudeijsselstreekvizier.nl/nieuws/algemeen/448105/bontebrug-in-zeven-zuilen-', 42, 'door Marcel van Berkum', 'http://pubblestorage.blob.core.windows.net/d9c7ad83/content/2018/6/87849b07-5558-4d95-8f7e-ab94be37f2c8.jpg', '2018-06-13 09:59:00', '2019-12-15 14:51:15', 1, 'bontebrug-in-zeven-zuilen-'),
(109, '&#39;Terborgse&#39; synagoge ziet levenslicht ', 'http://www.oudeijsselstreekvizier.nl/nieuws/algemeen/448519/-terborgse-synagoge-ziet-levenslicht-', 42, 'Terborg - In Mevo Horon, een klein plaatsje op de grens van Isra&euml;l en de West Bank, is vorige week de Cahsdei Enosh Synagoge feestelijk in gebruik genomen. Wat direct opvalt zijn de rode bakstenen en de gekozen, karakteristieke boogvormen.', 'http://pubblestorage.blob.core.windows.net/d9c7ad83/content/2018/6/4edd9775-3e7e-46d5-ba9e-ed4c844889c8.jpg', '2018-06-11 15:02:00', '2019-12-15 14:51:15', 1, '-39-terborgse-39-synagoge-ziet-levenslicht-'),
(110, 'Zonnewende/midzomernachtviering ', 'http://www.oudeijsselstreekvizier.nl/nieuws/algemeen/449794/zonnewende-midzomernachtviering-', 42, 'Varsseveld - Vrijzinnig Centrum Varsseveld e.o. organiseert voor de 2 e keer het zonnewendefeest bij het Hofshuus, Leemscherweg 24, Varsseveld', '', '2018-06-13 07:12:00', '2019-12-15 14:51:15', 1, 'zonnewende-midzomernachtviering-'),
(111, 'Beleef de idylle van een zomeravond op het water ', 'http://www.oudeijsselstreekvizier.nl/nieuws/algemeen/450687/beleef-de-idylle-van-een-zomeravond-op-het-water-', 42, 'Ulft - Op een warme zomeravond, als de zon al langzaam naar de horizon toe zakt, vertrekt de Iesselganger voor een sfeervolle vaart over de Oude IJssel.', '', '2018-06-14 07:21:00', '2019-12-15 14:51:15', 1, 'beleef-de-idylle-van-een-zomeravond-op-het-water-'),
(112, 'Heeft u al een alibi?', 'http://www.oudeijsselstreekvizier.nl/nieuws/algemeen/450714/heeft-u-al-een-alibi-', 42, '<span spanstyle=\"Plaatsnaam\">Terborg - Een uitgebrande auto met een verkoold lichaam op het Jorisplein, een dode in de kelders van het Deurvorst, een lijk in een van de klaslokalen van de Jorisschool, een drenkeling opgedregd uit de haven. En vorig jaar; ', 'http://pubblestorage.blob.core.windows.net/d9c7ad83/content/2018/6/d24af08d-3efd-4832-951b-a7c2b4e506c3.jpg', '2018-06-14 07:42:00', '2019-12-15 14:51:15', 1, 'heeft-u-al-een-alibi-'),
(113, 'Voetbal verbindt bij zaken doen over grens', 'http://www.oudeijsselstreekvizier.nl/nieuws/algemeen/451040/voetbal-verbindt-bij-zaken-doen-over-grens', 42, 'Bocholt - Dinsdag 12 juni ontmoetten Nederlandse en Duitse ondernemers met een passie voor voetbal elkaar in het clubgebouw van FC Bocholt. Daar organiseerde het Internationaal Netwerkbureau in samenwerking met 1. FC Bocholt een ondernemersbijeenkomst. He', 'http://pubblestorage.blob.core.windows.net/d9c7ad83/content/2018/6/7fac93c6-9285-40ce-af91-a639a792479a.jpg', '2018-06-14 10:27:00', '2019-12-15 14:51:15', 1, 'voetbal-verbindt-bij-zaken-doen-over-grens'),
(114, 'Zesde editie Zwemtocht Oude IJssel ', 'http://www.oudeijsselstreekvizier.nl/nieuws/sport/437623/zesde-editie-zwemtocht-oude-ijssel-', 42, 'door Marian Roerdinkholder', 'http://pubblestorage.blob.core.windows.net/d9c7ad83/content/2018/5/fe6724cf-31a5-4d4b-8772-424a6ce502ae.jpg', '2018-05-31 09:55:00', '2019-12-15 14:51:15', 1, 'zesde-editie-zwemtocht-oude-ijssel-'),
(115, 'Open dag tennisvereniging LTC de Paasberg ', 'http://www.oudeijsselstreekvizier.nl/nieuws/sport/442923/open-dag-tennisvereniging-ltc-de-paasberg-', 42, 'Silvolde - Wil jij je liefde voor tennis delen met al je vrienden, kennissen en familie? Of heb je juist nog nooit getennist en ben je benieuwd of deze sport voor jou een match is? Of misschien ben je al wel bekend met tennis, en wil je nu de tennisclub L', 'http://pubblestorage.blob.core.windows.net/d9c7ad83/content/2018/6/f1d3fcbc-38da-4cba-a97a-8715b442299b.jpg', '2018-06-03 19:04:00', '2019-12-15 14:51:15', 1, 'open-dag-tennisvereniging-ltc-de-paasberg-'),
(116, 'Ten Brinke Bouw Tournament 2018 ', 'http://www.oudeijsselstreekvizier.nl/nieuws/sport/442925/ten-brinke-bouw-tournament-2018-', 42, 'Varsseveld - Op 8, 9 en 10 juni aanstaande vindt de 22e editie van het internationale Ten Brinke Group Tournament plaats. Dit jaarlijks terugkerende toernooi biedt nationale en internationale U17-junioren de mogelijkheid om zich te meten met leeftijdsgeno', 'http://pubblestorage.blob.core.windows.net/d9c7ad83/content/2018/6/55471d3c-e0ab-44a5-aa32-9420aba4a7d6.jpg', '2018-06-03 19:07:00', '2019-12-15 14:51:15', 1, 'ten-brinke-bouw-tournament-2018-'),
(117, 'Wonden likken en opnieuw beginnen', 'http://www.oudeijsselstreekvizier.nl/nieuws/sport/443034/wonden-likken-en-opnieuw-beginnen', 42, '<span spanstyle=\"Plaatsnaam\">Silvolde </span>- Sportclub Silvolde is uitgeschakeld in de play-offs voor promotie naar de derde divisie.', 'http://pubblestorage.blob.core.windows.net/d9c7ad83/content/2018/6/d7be77cb-7bbe-45dc-bac9-ab13dcd08f9a.jpg', '2018-06-04 07:23:00', '2019-12-15 14:51:15', 1, 'wonden-likken-en-opnieuw-beginnen'),
(118, 'Geen dubbel voor Vrouwen 1 Ulftse Boys ', 'http://www.oudeijsselstreekvizier.nl/nieuws/sport/443079/geen-dubbel-voor-vrouwen-1-ulftse-boys-', 42, 'Ulft &ndash; Het is de vrouwen 1 van vv Ulftse Boys afgelopen zaterdag niet gelukt om na het behalen van het kampioenschap in de 4e klasse ook de beker district Oost van de KNVB te winnen. Helaas geen &lsquo;dubbel&rsquo; voor de dames. In Putten tegen de', 'http://pubblestorage.blob.core.windows.net/d9c7ad83/content/2018/6/9e48c6a9-1b34-47bf-9584-349df8bdd3b5.jpg', '2018-06-04 07:53:00', '2019-12-15 14:51:15', 1, 'geen-dubbel-voor-vrouwen-1-ulftse-boys-'),
(119, 'Super prestaties voor drie broers tijdens finale bondskampioenschappen turnen', 'http://www.oudeijsselstreekvizier.nl/nieuws/sport/443570/super-prestaties-voor-drie-broers-tijdens-finale-bondskampioenschappen-tur', 42, 'Varsseveld - Op zaterdag 2 en zondag 3 juni waren de finales van het bondskampioenschappen turnen heren in Hoofdorp.', 'http://pubblestorage.blob.core.windows.net/d9c7ad83/content/2018/6/01286f9e-746b-49aa-8938-ce7ba54a3c3e.jpg', '2018-06-04 17:53:00', '2019-12-15 14:51:15', 1, 'super-prestaties-voor-drie-broers-tijdens-finale-bondskampioenschappen-turnen'),
(120, 'GWVV 2 wint na strafschoppen beker  ', 'http://www.oudeijsselstreekvizier.nl/nieuws/sport/447795/gwvv-2-wint-na-strafschoppen-beker-', 42, 'Varsselder - GWVV 2 heeft op zondag 3 juni de KNVB beker gewonnen op sportpark Het Diekman te Enschede. Tegen PH 2 uit Almelo was het na 90 minuten 1-1 waarbij voor GWVV gescoord werd door Dion Mulder. In de strafschoppenserie trok GWVV aan het langste ei', 'http://pubblestorage.blob.core.windows.net/d9c7ad83/content/2018/6/75c25f3a-c9e7-41d9-97b2-0361c3cb1384.jpg', '2018-06-11 07:30:00', '2019-12-15 14:51:15', 1, 'gwvv-2-wint-na-strafschoppen-beker-'),
(121, 'Jorik te Kaat naar Spcl. Silvolde ', 'http://www.oudeijsselstreekvizier.nl/nieuws/sport/447798/jorik-te-kaat-naar-spcl-silvolde-', 42, 'Silvolde - Komende seizoen zal de uit Gendringen afkomstige speler Jorik te Kaat Spcl. Silvolde komen versterken. Te Kaat bracht zijn hele voetballeven tot nu toe door bij v.v. Gendringen. &quot;In de jeugd heb ik wel eens proeftrainingen gehad bij De Gra', '', '2018-06-11 07:35:00', '2019-12-15 14:51:15', 1, 'jorik-te-kaat-naar-spcl-silvolde-'),
(122, '&#39;Olympisch&#39; tennis op De IJsselweide ', 'http://www.oudeijsselstreekvizier.nl/nieuws/sport/448125/-olympisch-tennis-op-de-ijsselweide-', 42, 'door Remko Alberink', 'http://pubblestorage.blob.core.windows.net/d9c7ad83/content/2018/6/883263f9-f53c-4a72-821c-e73113534c95.jpg', '2018-06-11 14:17:00', '2019-12-15 14:51:15', 1, '-39-olympisch-39-tennis-op-de-ijsselweide-'),
(123, 'Acrogymnasten VGV behalen zilver bij Nederlands Kampioenschap ', 'http://www.oudeijsselstreekvizier.nl/nieuws/sport/448863/acrogymnasten-vgv-behalen-zilver-bij-nederlands-kampioenschap-', 42, 'Varsseveld - Op zaterdag 9 juni was Sporthal de Rusheuvel in Oss het podium voor het NK Acrogym D/E-niveau. Een bijzondere dag voor VGV Varsseveld, want voor het eerst in de geschiedenis van VGV mocht een acroteam het erepodium betreden. Lisa Tijhuis, Jet', 'http://pubblestorage.blob.core.windows.net/d9c7ad83/content/2018/6/b23f4698-067c-46ff-a417-a85c34345410.jpg', '2018-06-12 09:07:00', '2019-12-15 14:51:15', 1, 'acrogymnasten-vgv-behalen-zilver-bij-nederlands-kampioenschap-'),
(124, 'Hockeydames promoveren', 'http://www.oudeijsselstreekvizier.nl/nieuws/sport/448870/hockeydames-promoveren', 42, 'Ulft - De dames van HCOIJ sluiten het seizoen af met een 10-0 overwinning op Nijmegen. Dit betekent dat zij ongeslagen kampioenen zijn en volgend seizoen een klasse hoger zullen spelen.', 'http://pubblestorage.blob.core.windows.net/d9c7ad83/content/2018/6/4d801fca-2ec5-4185-b1fd-1801e986a603.jpg', '2018-06-12 10:08:00', '2019-12-15 14:51:15', 1, 'hockeydames-promoveren'),
(125, 'Nieuwe ontwikkelingen bij jubilerende golfclub ‘t Lohr', 'http://www.oudeijsselstreekvizier.nl/nieuws/zakelijk/436325/golfclub-t-lohr-viert-jubileum-', 42, '<span spanstyle=\"Plaatsnaam\">Voorst </span>- Juni is een feestmaand voor golfclub &#39;t Lohr. Het is tien jaar geleden dat de eerste bal werd afgeslagen op de golfbaan in Voorst en dat jubileum wordt gevierd: een jubileumwedstrijd met feestavond voor de ', 'http://pubblestorage.blob.core.windows.net/d9c7ad83/content/2018/5/bf511906-806a-4e59-b743-236e3382c392.jpg', '2018-05-31 13:11:00', '2019-12-15 14:51:15', 1, 'nieuwe-ontwikkelingen-bij-jubilerende-golfclub-t-lohr'),
(126, 'Aalten controleert inhoud van containers | REGIO8', 'http://www.regio8.nl/aalten-controleert-inhoud-van-containers/nieuws/item?1085631', 43, '  Aalten gaat uitvoeringsorganisatie ROVA steekproefsgewijs controles laten uitvoeren bij de PMD-containers. Als er materiaal in zit dat niet bij het PMD thuishoort, wordt de afvalbak niet geleegd.<br>', 'http://www.regio8.nl/cwm/fm/userfiles/content/eyecatcher/normal/349231_Klikos.JPG', '2018-06-06 09:20:34', '2019-12-15 14:51:15', 1, 'aalten-controleert-inhoud-van-containers-regio8'),
(127, 'Achterhoekse agrariërs de boer op in Spanje | REGIO8', 'http://www.regio8.nl/achterhoekse-agrari%c3%abrs-de-boer-op-in-spanje/nieuws/item?1085633', 43, 'Achterhoekse boeren zijn trots op hun project Vruchtbare Kringloop Achterhoek. En dat mag iedereen weten. Daarom is een groepje Achterhoekse agrariërs dezer dagen in Spanje om te vertellen over het project.', 'http://www.regio8.nl/cwm/fm/userfiles/content/eyecatcher/normal/349233_Foto-Henk-Jolink.jpg', '2018-06-06 09:26:32', '2019-12-15 14:51:15', 1, 'achterhoekse-agrari-rs-de-boer-op-in-spanje-regio8'),
(128, 'Anouk Echteld strijdlustig naar EK Boksen | REGIO8', 'http://www.regio8.nl/anouk-echteld-strijdlustig-naar-ek-boksen/nieuws/item?1084967', 43, ' Voor bokser Anouk Echteld uit Doetinchem start maandag het Europees Kampioenschap in Sofia. In de Bulgaarse hoofdstad wil de Nederlands kampioene zich meten met de wereldtop.<br>', 'http://www.regio8.nl/cwm/fm/userfiles/content/eyecatcher/normal/348275_Anouk_Echteld_2.jpg', '2018-06-01 12:58:28', '2019-12-15 14:51:15', 1, 'anouk-echteld-strijdlustig-naar-ek-boksen-regio8'),
(129, 'Anouk Echteld uitgeschakeld in Bulgarije | REGIO8', 'http://www.regio8.nl/anouk-echteld-uitgeschakeld-in-bulgarije/nieuws/item?1085912', 43, ' Bokser Anouk Echteld uit Doetinchem is in de tweede ronde van het <a href=\"http://www.regio8.nl/anouk-echteld-strijdlustig-naar-ek-boksen/content/item?1084967\" title=\"\" target=\"_blank\">Europees Kampioenschap</a> in Bulgarije uitgeschakeld. In Sofia verlo', 'http://www.regio8.nl/cwm/fm/userfiles/content/eyecatcher/normal/349581_Anouk_Echteld_3.jpg', '2018-06-07 13:52:58', '2019-12-15 14:51:15', 1, 'anouk-echteld-uitgeschakeld-in-bulgarije-regio8'),
(130, 'Auto in sloot bij ongeval in ‘s-Heerenberg | REGIO8', 'http://www.regio8.nl/auto-in-sloot-bij-ongeval-in-%e2%80%98s-heerenberg/nieuws/item?1085376', 43, 'Een auto is maandagavond na een aanrijding in de sloot terecht gekomen op de weg tussen Ulft en ’s-Heerenberg. De betrokken bestuurders raakten niet gewond.', 'http://www.regio8.nl/cwm/fm/userfiles/content/eyecatcher/normal/348885_Ongeval_sheerenberg_1.jpg', '2018-06-04 17:06:22', '2019-12-15 14:51:15', 1, 'auto-in-sloot-bij-ongeval-in-s-heerenberg-regio8'),
(131, 'Auto met aanhanger belandt in de greppel | REGIO8', 'http://www.regio8.nl/auto-met-aanhanger-belandt-in-de-greppel/nieuws/item?1086748', 43, 'Een auto met aanhanger is woensdagochtend in de greppel van de nieuwe N18 geraakt. De bestuurder raakte tussen Eibergen en Groenlo de controle kwijt over zijn voertuig.<br>', 'http://www.regio8.nl/cwm/fm/userfiles/content/eyecatcher/normal/350848_112AN_Auto_aanhanger_van_de_wegjpegBlur_jpeg.png', '2018-06-13 10:32:51', '2019-12-15 14:51:15', 1, 'auto-met-aanhanger-belandt-in-de-greppel-regio8'),
(132, 'Auto raakt boom tussen Hummelo en Zelhem | REGIO8', 'http://www.regio8.nl/auto-raakt-boom-tussen-hummelo-en-zelhem/nieuws/item?1086139', 43, 'Een bestuurder is zaterdagochtend met zijn auto van de weg geraakt op de weg tussen Zelhem en Hummelo. Hij kwam er uiteindelijk zonder verwondingen vanaf.', 'http://www.regio8.nl/cwm/fm/userfiles/content/eyecatcher/normal/349920_Auto_in_de_berm_1.jpg', '2018-06-09 07:24:04', '2019-12-15 14:51:15', 1, 'auto-raakt-boom-tussen-hummelo-en-zelhem-regio8'),
(133, 'Bednarek rekent niet meer op De Graafschap | REGIO8', 'http://www.regio8.nl/bednarek-rekent-niet-meer-op-de-graafschap/nieuws/item?1085732', 43, 'Filip Bednarek is teleurgesteld dat hij na <a href=\"http://www.regio8.nl/special-%7c-z%C3%B3-promoveerde-de-graafschap/content/item?1083234\" title=\"\" target=\"_blank\">de promotie</a> geen gesprek met De Graafschap heeft gehad. De Poolse doelman heeft bij d', 'http://www.regio8.nl/cwm/fm/userfiles/content/eyecatcher/normal/349353_Filip_Bednarek4.JPG', '2018-06-06 15:15:00', '2019-12-15 14:51:15', 1, 'bednarek-rekent-niet-meer-op-de-graafschap-regio8'),
(134, 'Bestuurder op de vlucht na ongeval in Loil | REGIO8', 'http://www.regio8.nl/bestuurder-op-de-vlucht-na-ongeval-in-loil/nieuws/item?1086695', 43, 'Een bestuurder is dinsdagnacht op de vlucht geslagen nadat hij over de kop was geslagen met zijn auto nabij Loil. Hij werd even later ingerekend.', 'http://www.regio8.nl/cwm/fm/userfiles/content/eyecatcher/normal/350792_Ongeval_bij_Loil.jpg', '2018-06-13 06:58:31', '2019-12-15 14:51:15', 1, 'bestuurder-op-de-vlucht-na-ongeval-in-loil-regio8'),
(135, 'Bouwman vindt favoriete koers in Italië | REGIO8', 'http://www.regio8.nl/bouwman-vindt-favoriete-koers-in-itali%c3%ab/nieuws/item?1085837', 43, 'Koen Bouwman heeft een favoriete wielerkoers gevonden tijdens zijn debuut in de Giro d’Italia. De 24-jarige Ulftenaar was dichtbij een etappezege en zag van dichtbij hoe de Brit Chris Froome demarreerde naar de eindzege.', 'http://www.regio8.nl/cwm/fm/userfiles/content/eyecatcher/normal/349502_Koen_Bouwman_5.JPG', '2018-06-07 09:51:11', '2019-12-15 14:51:15', 1, 'bouwman-vindt-favoriete-koers-in-itali-regio8'),
(136, 'Brandweerkazerne Doetinchem wordt thuis | REGIO8', 'http://www.regio8.nl/brandweerkazerne-doetinchem-wordt-thuis/nieuws/item?1084942', 43, 'De brandweerkazerne in Doetinchem is donderdag voorzien van een logo en de letters van de brandweer. Met de ingreep voelt het pand volgens de postcommandant als een thuis.', 'http://www.regio8.nl/cwm/fm/userfiles/content/eyecatcher/normal/348229_Brandweer_logo.JPG', '2018-06-01 11:13:44', '2019-12-15 14:51:15', 1, 'brandweerkazerne-doetinchem-wordt-thuis-regio8'),
(137, 'Bronckhorst eert jonge helden met lintje | REGIO8', 'http://www.regio8.nl/bronckhorst-eert-jonge-helden-met-lintje/nieuws/item?1084911', 43, 'Burgemeester Marianne Besselink heeft gisteren voor de eerste keer de Bronckhorster jeugdlintjes uitgereikt. De winnaars werden in Hengelo benoemd tot Held van Bronckhorst.', 'http://www.regio8.nl/cwm/fm/userfiles/content/eyecatcher/normal/348141_Jeugdlintjes_Bronckhorst.jpg', '2018-06-01 09:37:12', '2019-12-15 14:51:15', 1, 'bronckhorst-eert-jonge-helden-met-lintje-regio8'),
(138, 'Buha kan meldingen processierups niet aan | REGIO8', 'http://www.regio8.nl/buha-kan-meldingen-processierups-niet-aan/nieuws/item?1086561', 43, '     Buha kan het explosief aantal meldingen over de overlast van de eikenprocessierups niet meer aan. Het bedrijf in Doetinchem wordt dagelijks overspoeld met telefoontjes over nieuwe nesten van de gevreesde rups.<br>', 'http://www.regio8.nl/cwm/fm/userfiles/content/eyecatcher/normal/350493_Eikenprocessierups_6.JPG', '2018-06-12 10:52:52', '2019-12-15 14:51:15', 1, 'buha-kan-meldingen-processierups-niet-aan-regio8'),
(139, 'Burgemeester schrapt dancefestival Aalten | REGIO8', 'http://www.regio8.nl/burgemeester-schrapt-dancefestival-aalten/nieuws/item?1085984', 43, 'Burgemeester Anton Stapelkamp heeft een streep gezet door dancefestival Festivication in Aalten. Volgens Stapelkamp overschrijdt het buitenfeest de gestelde geluidsgrens en zijn er vragen over parkeergelegenheden.', 'http://www.regio8.nl/cwm/fm/userfiles/content/eyecatcher/normal/349681_Dancetour1.jpg', '2018-06-08 08:05:28', '2019-12-15 14:51:15', 1, 'burgemeester-schrapt-dancefestival-aalten-regio8'),
(140, 'Buurman evacueert ouderen uit flat Silvolde | REGIO8', 'http://www.regio8.nl/buurman-evacueert-ouderen-uit-flat-silvolde/nieuws/item?1086231', 43, 'Een oplettende buurman heeft zaterdag enkele bewoners van een seniorenflat geëvacueerd in Silvolde. De buurtbewoner zag dat er mogelijk een brandje woedde in het pand en bedacht zich geen moment.', 'http://www.regio8.nl/cwm/fm/userfiles/content/eyecatcher/normal/350075_brand_silvolde.png', '2018-06-10 08:35:10', '2019-12-15 14:51:15', 1, 'buurman-evacueert-ouderen-uit-flat-silvolde-regio8'),
(141, 'Criminele jongeren opgepakt in Doetinchem | REGIO8', 'http://www.regio8.nl/criminele-jongeren-opgepakt-in-doetinchem/nieuws/item?1085416', 43, 'De politie heeft dinsdagochtend vroeg in Doetinchem elf jongeren opgepakt wegens een groot aantal criminele activiteiten. In totaal werden ongeveer zeventig agenten ingezet bij de arrestatiegolf.', 'http://www.regio8.nl/cwm/fm/userfiles/content/eyecatcher/normal/348944_Politie_handboeien_3_25.JPG', '2018-06-05 07:43:05', '2019-12-15 14:51:15', 1, 'criminele-jongeren-opgepakt-in-doetinchem-regio8'),
(142, 'Dancefeest in Aalten verplaatst naar binnen | REGIO8', 'http://www.regio8.nl/dancefeest-in-aalten-verplaatst-naar-binnen/nieuws/item?1086138', 43, 'De eigenaar van de Hofnar verplaatst het dancefestival Festivication van zaterdag 30 juni naar binnen. De burgemeester van Aalten had eerder een streep gezet door het festival.', 'http://www.regio8.nl/cwm/fm/userfiles/content/eyecatcher/normal/349919_Dancetour_1.jpg', '2018-06-09 07:18:48', '2019-12-15 14:51:15', 1, 'dancefeest-in-aalten-verplaatst-naar-binnen-regio8'),
(143, 'De Graafschap evalueert toekomst jeugd | REGIO8', 'http://www.regio8.nl/de-graafschap-evalueert-toekomst-jeugd/nieuws/item?1086786', 43, 'De Graafschap evalueert de komende periode de opzet van de jeugdafdeling. Op dit moment is de jeugd van de Doetinchemse voetbalclub ondergebracht in een aparte stichting.', 'http://www.regio8.nl/cwm/fm/userfiles/content/eyecatcher/normal/350899_De_Graafschap_jeugd_Terborg_Toernooi.JPG', '2018-06-13 12:28:05', '2019-12-15 14:51:15', 1, 'de-graafschap-evalueert-toekomst-jeugd-regio8'),
(144, 'De Graafschap van start tegen Feyenoord | REGIO8', 'http://www.regio8.nl/de-graafschap-van-start-tegen-feyenoord/nieuws/item?1086499', 43, 'Het <a href=\"https://www.knvb.nl/downloads/bestand/17311/concept-programma-betaald-voetbal-seizoen-1819\" title=\"\" target=\"_blank\">concept competitieprogramma</a> van de Eredivisie is dinsdagochtend bekend geworden. De Graafschap opent het seizoen tegen Fe', 'http://www.regio8.nl/cwm/fm/userfiles/content/eyecatcher/normal/350445_De_Graafschap_lamp_8.JPG', '2018-06-12 07:08:46', '2019-12-15 14:51:15', 1, 'de-graafschap-van-start-tegen-feyenoord-regio8'),
(145, 'De Graafschap wil nog zeker vier aanwinsten | REGIO8', 'http://www.regio8.nl/de-graafschap-wil-nog-zeker-vier-aanwinsten/nieuws/item?1085699', 43, 'De Graafschap hoopt deze zomer nog zeker vier spelers vast te leggen in aanloop naar het nieuwe Eredivisie-seizoen. Na het vastleggen van Daryl van Mieghem en Furdjel Narsingh, richt de club zich nu op een aantal andere posities.<br>', 'http://www.regio8.nl/cwm/fm/userfiles/content/eyecatcher/normal/349316_IMG_7018_1.JPG', '2018-06-06 13:46:44', '2019-12-15 14:51:15', 1, 'de-graafschap-wil-nog-zeker-vier-aanwinsten-regio8'),
(146, 'De Pedaleur gefrustreerd na nieuwe inbraak | REGIO8', 'http://www.regio8.nl/de-pedaleur-gefrustreerd-na-nieuwe-inbraak/nieuws/item?1086974', 43, '     Fietswinkel De Pedaleur uit Doetinchem is woensdagnacht voor de achtste keer slachtoffer geworden van een inbraak. Bij de kraak hebben onbekende daders ruim zestigduizend euro aan fietsen buitgemaakt, wat zorgt voor frustratie bij de eigenaar.<br>', 'http://www.regio8.nl/cwm/fm/userfiles/content/eyecatcher/normal/351126_Pedaleur.jpeg', '2018-06-14 13:39:39', '2019-12-15 14:51:15', 1, 'de-pedaleur-gefrustreerd-na-nieuwe-inbraak-regio8'),
(147, 'Dennis te Braak vertrekt bij De Graafschap | REGIO8', 'http://www.regio8.nl/dennis-te-braak-vertrekt-bij-de-graafschap/nieuws/item?1085682', 43, 'Dennis te Braak vertrekt bij De Graafschap. Het hoofd van de jeugdopleiding kwam niet tot overeenstemming met de club over een verlenging van zijn aflopende contract.', 'http://www.regio8.nl/cwm/fm/userfiles/content/eyecatcher/normal/349296_Dennis_te_Braak.JPG', '2018-06-06 12:27:31', '2019-12-15 14:51:15', 1, 'dennis-te-braak-vertrekt-bij-de-graafschap-regio8'),
(148, 'Dennis te Braak wordt trainer bij Feyenoord | REGIO8', 'http://www.regio8.nl/dennis-te-braak-wordt-trainer-bij-feyenoord/nieuws/item?1086454', 43, ' Dennis te Braak is vanaf volgend seizoen trainer van Feyenoord O-16. Het voormalig hoofd van de jeugdopleiding van De Graafschap kwam niet tot overeenstemming met de Doetinchemse club over een verlenging van zijn aflopende contract.<br>', 'http://www.regio8.nl/cwm/fm/userfiles/content/eyecatcher/normal/350313_Dennis_te_Braak_1.JPG', '2018-06-11 15:27:55', '2019-12-15 14:51:15', 1, 'dennis-te-braak-wordt-trainer-bij-feyenoord-regio8'),
(149, 'Doelman Jurjus weer in de etalage bij PSV | REGIO8', 'http://www.regio8.nl/doelman-jurjus-weer-in-de-etalage-bij-psv/nieuws/item?1085860', 43, 'Hidde Jurjus mag van PSV ook komend seizoen uitkijken naar een club voor een verhuurperiode. Na een jaar bij degradant Roda JC heeft de doelman uit Lichtenvoorde wel oren naar een terugkeer op De Vijverberg.', 'http://www.regio8.nl/cwm/fm/userfiles/content/eyecatcher/normal/349534_Hidde_Jurjus_3.jpg', '2018-06-07 11:11:12', '2019-12-15 14:51:15', 1, 'doelman-jurjus-weer-in-de-etalage-bij-psv-regio8'),
(150, 'Doetinchem strijdt tegen criminele jongeren | REGIO8', 'http://www.regio8.nl/doetinchem-strijdt-tegen-criminele-jongeren/nieuws/item?1085502', 43, 'Doetinchem gaat de strijd aan met de criminele leefwereld van jongeren in de stad. De <a href=\"http://www.regio8.nl/criminele-jongeren-opgepakt-in-doetinchem/nieuws/item?1085416\" title=\"\" target=\"_blank\">bijzonder grote politieactie</a> van dinsdag is de ', 'http://www.regio8.nl/cwm/fm/userfiles/content/eyecatcher/normal/349054_Gemeentehuis_Doetinchem_close_7.JPG', '2018-06-05 12:51:58', '2019-12-15 14:51:15', 1, 'doetinchem-strijdt-tegen-criminele-jongeren-regio8'),
(151, 'Doetinchemmer gepakt na online belediging | REGIO8', 'http://www.regio8.nl/doetinchemmer-gepakt-na-online-belediging/nieuws/item?1086449', 43, 'Een 18-jarige man uit Doetinchem is opgepakt na belediging van de politie. Dat deed de man via Facebook.', 'http://www.regio8.nl/cwm/fm/userfiles/content/eyecatcher/normal/350384_Politie_bureau_Doetinchem_6.JPG', '2018-06-11 14:47:15', '2019-12-15 14:51:15', 1, 'doetinchemmer-gepakt-na-online-belediging-regio8'),
(152, 'Dorpsfeest in Wehl groeit mee met succes | REGIO8', 'http://www.regio8.nl/dorpsfeest-in-wehl-groeit-mee-met-succes/nieuws/item?1085862', 43, '  Het Dorpsfeest in Wehl staat aankomend weekend, met onder andere een grotere tent en een uitgebreider Wehl on Wheels, vier dagen in het teken van het motto Veur Elk Wah Weahls. Donderdagmiddag wordt het feest afgetrapt met de seniorenmiddag.', 'http://www.regio8.nl/cwm/fm/userfiles/content/eyecatcher/normal/349505_Dorpsfeest_Wehl_1.jpg', '2018-06-07 11:11:49', '2019-12-15 14:51:15', 1, 'dorpsfeest-in-wehl-groeit-mee-met-succes-regio8'),
(153, 'Drie gewonden bij ongeval in Keijenborg | REGIO8', 'http://www.regio8.nl/drie-gewonden-bij-ongeval-in-keijenborg/nieuws/item?1085734', 43, ' Drie automobilisten zijn woensdagmiddag gewond geraakt bij een botsing op de weg tussen Hengelo en Doetinchem. Een bestuurster was op de verkeerde weghelft terecht gekomen.', 'http://www.regio8.nl/cwm/fm/userfiles/content/eyecatcher/normal/349361_Ongeval_Wijnand2.jpg', '2018-06-06 15:27:42', '2019-12-15 14:51:15', 1, 'drie-gewonden-bij-ongeval-in-keijenborg-regio8'),
(154, 'Droge voetjes voor Lichtenvoorde na ingreep | REGIO8', 'http://www.regio8.nl/droge-voetjes-voor-lichtenvoorde-na-ingreep/nieuws/item?1086996', 43, '     <div>Het grote project van Oost Gelre en het Waterschap Rijn en IJssel om de jarenlange wateroverlast in te perken is afgerond. Het nieuwe watersysteem in Lichtenvoorde moet ervoor zorgen dat het water voortaan beter wordt opgevangen bij extreme neer', 'http://www.regio8.nl/cwm/fm/userfiles/content/eyecatcher/normal/351156_Nieuw_watersysteem_Lichtenvoorde_1.JPG', '2018-06-14 15:18:07', '2019-12-15 14:51:15', 1, 'droge-voetjes-voor-lichtenvoorde-na-ingreep-regio8'),
(155, 'Drugsoverlast in Neede verminderd na actie | REGIO8', 'http://www.regio8.nl/drugsoverlast-in-neede-verminderd-na-actie/nieuws/item?1085517', 43, 'Na vele meldingen van overlast door jeugd en drugshandel is de rust volgens de politie teruggekeerd in Neede. Een viertal jongeren is inmiddels opgepakt voor handel in drugs.', 'http://www.regio8.nl/cwm/fm/userfiles/content/eyecatcher/normal/349081_Politie_auto_zwaailicht_26.JPG', '2018-06-05 13:57:45', '2019-12-15 14:51:15', 1, 'drugsoverlast-in-neede-verminderd-na-actie-regio8'),
(156, 'Dubbele kop-staartbotsing op N18 in Groenlo | REGIO8', 'http://www.regio8.nl/dubbele-kop-staartbotsing-op-n18-in-groenlo/nieuws/item?1085498', 43, '  Een plotselinge remactie door het oprijden van een parkeerhaven van een vrachtwagen zorgde dinsdag voor een dubbele kopstaartbotsing op de N18 vanaf Groenlo richting Eibergen. De eerste auto achter de vrachtwagen kon op tijd uitwijken, maar de drie daar', 'http://www.regio8.nl/cwm/fm/userfiles/content/eyecatcher/normal/349043_112AN_Dubbele_kopstaartbotsing.jpeg', '2018-06-05 12:32:11', '2019-12-15 14:51:15', 1, 'dubbele-kop-staartbotsing-op-n18-in-groenlo-regio8'),
(157, 'Enkel blikschade na aanrijding Doetinchem | REGIO8', 'http://www.regio8.nl/enkel-blikschade-na-aanrijding-doetinchem/nieuws/item?1085448', 43, 'Bij een aanrijding tussen twee auto\'s op de Bedrijvenweg in Doetinchem hebben dinsdagochtend enkel de voertuigen schade opgelopen. De inzittenden van de wagens zijn bij de botsing niet gewond geraakt.<br>', 'http://www.regio8.nl/cwm/fm/userfiles/content/eyecatcher/normal/348987_Aanrijding_in_Wijnbergen.jpeg', '2018-06-05 10:11:22', '2019-12-15 14:51:15', 1, 'enkel-blikschade-na-aanrijding-doetinchem-regio8'),
(158, 'Erop of eronder voor bokstalent Koemans | REGIO8', 'http://www.regio8.nl/erop-of-eronder-voor-bokstalent-koemans/nieuws/item?1085878', 43, 'De 22-jarige Stanley Koemans is regerend Nederlands bokskampioen superzwaargewicht. De Zelhemmer werd eind vorig jaar uitgeroepen tot <a href=\"Doelman Jurjus weer in de etalage bij PSV\" title=\"\" target=\"\">Bokstalent van het Jaar</a> en maakte begin dit ja', 'http://www.regio8.nl/cwm/fm/userfiles/content/eyecatcher/normal/349554_DSC_0453.JPG', '2018-06-07 12:06:28', '2019-12-15 14:51:15', 1, 'erop-of-eronder-voor-bokstalent-koemans-regio8'),
(159, 'Flink gaslek treft buitengebied van Aalten | REGIO8', 'http://www.regio8.nl/flink-gaslek-treft-buitengebied-van-aalten/nieuws/item?1086218', 43, 'Een flink gaslek heeft zaterdagavond het buitengebied van Aalten getroffen. Een gasleiding onder een brug sprong, waarna er lange tijd een sissend geluid te horen was.', 'http://www.regio8.nl/cwm/fm/userfiles/content/eyecatcher/normal/350056_PHOTO-2018-06-09-22-35-40.jpg', '2018-06-09 21:24:13', '2019-12-15 14:51:15', 1, 'flink-gaslek-treft-buitengebied-van-aalten-regio8'),
(160, 'G-tennis krijgt een basis in de Achterhoek  | REGIO8', 'http://www.regio8.nl/g-tennis-krijgt-een-basis-in-de-achterhoek/nieuws/item?1086188', 43, ' Als onderdeel van de Special Olympics vindt het tennistoernooi dit weekend plaats op de banen van LTC De IJsselweide in Gendringen. De hoop bestaat dat het zogenaamde G-tennis meer navolging krijgt in de regio, juist na afloop van het evenement.', 'http://www.regio8.nl/cwm/fm/userfiles/content/eyecatcher/normal/349999_Special_Olympics_tennis3.jpg', '2018-06-09 15:13:33', '2019-12-15 14:51:15', 1, 'g-tennis-krijgt-een-basis-in-de-achterhoek-regio8'),
(161, 'Gewonde na scooterongeval in Winterswijk | REGIO8', 'http://www.regio8.nl/gewonde-na-scooterongeval-in-winterswijk/nieuws/item?1085280', 43, 'Een fietsster is maandagochtend gewond geraakt bij een ongeval in Winterswijk. De vrouw kwam in botsing met een scooter.', 'http://www.regio8.nl/cwm/fm/userfiles/content/eyecatcher/normal/348779_PHOTO-2018-06-04-11-48-08.jpg', '2018-06-04 10:36:37', '2019-12-15 14:51:15', 1, 'gewonde-na-scooterongeval-in-winterswijk-regio8'),
(162, 'Golfbaan ’t Lohr slaat tweede decennium in  | REGIO8', 'http://www.regio8.nl/golfbaan-%e2%80%99t-lohr-slaat-tweede-decennium-in/nieuws/item?1085834', 43, 'Golfclub \'t Lohr bestaat tien jaar. Eigenaren Danny en Nienke Piepers hebben de golfbaan binnen tien jaar zien groeien naar een springplank naar grotere banen. Het familiebedrijf blijft laagdrempelig en experimenteert met nieuwe vormen van golf.', 'http://www.regio8.nl/cwm/fm/userfiles/content/eyecatcher/normal/349501_Golfclub_t_Lohr2.JPG', '2018-06-07 09:47:30', '2019-12-15 14:51:15', 1, 'golfbaan-t-lohr-slaat-tweede-decennium-in-regio8'),
(163, 'Grootse vrouwen Achterhoek viert jubileum | REGIO8', 'http://www.regio8.nl/grootse-vrouwen-achterhoek-viert-jubileum/nieuws/item?1086470', 43, 'Grootse vrouwen Achterhoek organiseert binnenkort de 25e editie van hun netwerkevent speciaal voor vrouwen. Het idee ontstond omdat vrouwen vaak anders dan mannen aan het netwerken zijn.<br>', 'http://www.regio8.nl/cwm/fm/userfiles/content/eyecatcher/normal/350405_Grootse_Vrouwen.jpg', '2018-06-11 20:04:08', '2019-12-15 14:51:15', 1, 'grootse-vrouwen-achterhoek-viert-jubileum-regio8'),
(164, 'Grote partij drugs gevonden in Zevenaar | REGIO8', 'http://www.regio8.nl/grote-partij-drugs-gevonden-in-zevenaar/nieuws/item?1086147', 43, 'De politie is vrijdag in Zevenaar op een grote hoeveelheid drugs gestuit. De straatwaarde van de vangst ligt boven de twee miljoen euro.', 'http://www.regio8.nl/cwm/fm/userfiles/content/eyecatcher/normal/349931_Zevenaar_pusht_drugs.jpg', '2018-06-09 08:31:33', '2019-12-15 14:51:15', 1, 'grote-partij-drugs-gevonden-in-zevenaar-regio8'),
(165, 'Gymnastiekvereniging ziet heil in G-afdeling | REGIO8', 'http://www.regio8.nl/gymnastiekvereniging-ziet-heil-in-g-afdeling/nieuws/item?1086389', 43, 'Gymnastiekvereniging Ypsilon uit Doetinchem ziet kansen om na de Special Olympics door te gaan met een speciale afdeling voor mensen met een verstandelijke beperking. De vereniging was positief verrast over het sportevenement na het organiseren van de tur', 'http://www.regio8.nl/cwm/fm/userfiles/content/eyecatcher/normal/350291_Special_Olympics_gymnastiek.jpg', '2018-06-11 11:59:12', '2019-12-15 14:51:15', 1, 'gymnastiekvereniging-ziet-heil-in-g-afdeling-regio8'),
(166, 'Het Nieuwe Dijkhuis wil blijven vernieuwen | REGIO8', 'http://www.regio8.nl/het-nieuwe-dijkhuis-wil-blijven-vernieuwen/nieuws/item?1085991', 43, 'Het Nieuwe Dijkhuis in Doetinchem gaat alweer het derde seizoen tegemoet en wil zich blijven vernieuwen. Met onder meer een beatboxbattle hoopt het inspiratiecentrum andere culturen en doelgroepen te trekken.', 'http://www.regio8.nl/cwm/fm/userfiles/content/eyecatcher/normal/349726_Het_nieuwe_dijkhuis2.jpg', '2018-06-08 08:31:55', '2019-12-15 14:51:15', 1, 'het-nieuwe-dijkhuis-wil-blijven-vernieuwen-regio8'),
(167, 'Imkers in regio druk met verwijderen bijen | REGIO8', 'http://www.regio8.nl/imkers-in-regio-druk-met-verwijderen-bijen/nieuws/item?1085149', 43, 'Imkers in de regio zijn druk met het verwijderen van zwermen wilde bijen. Al het hele weekend komen er meldingen binnen over volken die op openbare plaatsen zitten.<br>', 'http://www.regio8.nl/cwm/fm/userfiles/content/eyecatcher/normal/348580_Imker.JPG', '2018-06-03 14:15:44', '2019-12-15 14:51:16', 1, 'imkers-in-regio-druk-met-verwijderen-bijen-regio8'),
(168, 'Intocht Sinterklaas niet in Oude IJsselstreek | REGIO8', 'http://www.regio8.nl/intocht-sinterklaas-niet-in-oude-ijsselstreek/nieuws/item?1084905', 43, 'De landelijke intocht van Sinterklaas vindt dit jaar plaats in de gemeente Zaanstad. Oude IJsselstreek wilde de Sint ook ontvangen, maar grijpt naast de eer.', 'http://www.regio8.nl/cwm/fm/userfiles/content/eyecatcher/normal/348142_Sinterklaas.png', '2018-06-01 09:08:05', '2019-12-15 14:51:16', 1, 'intocht-sinterklaas-niet-in-oude-ijsselstreek-regio8'),
(169, 'Jeugdspelers tekenen bij De Graafschap | REGIO8', 'http://www.regio8.nl/jeugdspelers-tekenen-bij-de-graafschap/nieuws/item?1085706', 43, 'Koen Huntelaar, Jurre Vreman en Marlon Versteeg staan volgend seizoen onder contract bij De Graafschap. De jeugdspelers krijgen de kans om zich te bewijzen in het nieuwe seizoen.', 'http://www.regio8.nl/cwm/fm/userfiles/content/eyecatcher/normal/349324_De_Graafschap_jeugd.JPG', '2018-06-06 14:01:38', '2019-12-15 14:51:16', 1, 'jeugdspelers-tekenen-bij-de-graafschap-regio8'),
(170, 'Jeugdtrainer Ruesink aan de slag bij PSV | REGIO8', 'http://www.regio8.nl/jeugdtrainer-ruesink-aan-de-slag-bij-psv/nieuws/item?1085435', 43, ' Voetbaltrainer Thomas Ruesink uit Gendringen gaat aan de slag bij de jeugdopleiding van PSV. De afgelopen jaren was de Achterhoeker actief als jeugdtrainer in het Midden-Oosten.<br>', 'http://www.regio8.nl/cwm/fm/userfiles/content/eyecatcher/normal/348956_Thomas_Ruesink_03.jpg', '2018-06-05 09:33:03', '2019-12-15 14:51:16', 1, 'jeugdtrainer-ruesink-aan-de-slag-bij-psv-regio8'),
(171, 'Jong De Graafschap niet in Hoofdklasse | REGIO8', 'http://www.regio8.nl/jong-de-graafschap-niet-in-hoofdklasse/nieuws/item?1086877', 43, 'Het beloftenteam van De Graafschap speelt komend seizoen niet in de Hoofdklasse. Na de degradatie uit de Derde Divisie heeft de club besloten deel te nemen aan de reservecompetitie.', 'http://www.regio8.nl/cwm/fm/userfiles/content/eyecatcher/normal/351028_Trainer_Jan_Vreman_1.jpg', '2018-06-14 07:37:48', '2019-12-15 14:51:16', 1, 'jong-de-graafschap-niet-in-hoofdklasse-regio8'),
(172, 'Jongeren kunnen starten met bouwen van huis | REGIO8', 'http://www.regio8.nl/jongeren-kunnen-starten-met-bouwen-van-huis/nieuws/item?1085202', 43, 'Jongeren uit de gemeente Bronckhorst hebben er jaren op gewacht. Het kopen of bouwen van een eigen starterswoning voor een betaalbare prijs in het dorp waar ze geboren en opgegroeid zijn. En nu kan het. De 46 kavels zijn inmiddels vergeven aan jongeren en', 'http://www.regio8.nl/cwm/fm/userfiles/content/eyecatcher/normal/348667_Foto-Omroep-Gelderland_7.jpg', '2018-06-04 06:59:20', '2019-12-15 14:51:16', 1, 'jongeren-kunnen-starten-met-bouwen-van-huis-regio8'),
(173, 'Kermisoptocht Vragender weer als vanouds | REGIO8', 'http://www.regio8.nl/kermisoptocht-vragender-weer-als-vanouds/nieuws/item?1085242', 43, 'De kermisoptocht in Vragender wordt komend weekend weer als vanouds. De organisatie heeft in overleg met de gemeente de regels aangepast, die juist werden verscherpt na een incident in 2013. Wagenbouwers kunnen zich nu weer volledig uitleven.', 'http://www.regio8.nl/cwm/fm/userfiles/content/eyecatcher/normal/348716_optocht_vragender.png', '2018-06-04 08:56:12', '2019-12-15 14:51:16', 1, 'kermisoptocht-vragender-weer-als-vanouds-regio8'),
(174, 'Kinderen gewond door gootsteenontstopper | REGIO8', 'http://www.regio8.nl/kinderen-gewond-door-gootsteenontstopper/nieuws/item?1084883', 43, 'Twee kinderen zijn donderdagavond in Aalten gewond geraakt door gootsteenontstopper. De slachtoffertjes zijn naar het ziekenhuis gebracht.', 'http://www.regio8.nl/cwm/fm/userfiles/content/eyecatcher/normal/348113_aalten_16.png', '2018-06-01 07:40:36', '2019-12-15 14:51:16', 1, 'kinderen-gewond-door-gootsteenontstopper-regio8'),
(175, 'Kottense Miss Nederland vol met ambitie  | REGIO8', 'http://www.regio8.nl/kottense-miss-nederland-vol-met-ambitie/nieuws/item?1086779', 43, ' De 25-jarige Leonie Hesselink uit Kotten ziet haar leven veranderen in een rollercoaster nu ze tot haar grote verbazing benoemd is tot Miss World Nederland. De mooiste vrouw van het land blijft na het verkrijgen van de titel echter vol ambitie.<br>', 'http://www.regio8.nl/cwm/fm/userfiles/content/eyecatcher/normal/350867_Leonie.jpeg', '2018-06-13 12:10:23', '2019-12-15 14:51:16', 1, 'kottense-miss-nederland-vol-met-ambitie-regio8'),
(176, 'Laura van Kaam is weer op de weg terug | REGIO8', 'http://www.regio8.nl/laura-van-kaam-is-weer-op-de-weg-terug/nieuws/item?1086214', 43, 'Laura van Kaam uit Dinxperlo is weer op de weg terug. De 19-jarige zangeres worstelt al langere tijd met <a href=\"http://www.regio8.nl/situatie-van-laura-van-kaam-verslechterd/content/item?1063893\" title=\"\" target=\"_blank\">een depressie</a> en onderging d', 'http://www.regio8.nl/cwm/fm/userfiles/content/eyecatcher/normal/350051_Laura-tijdens-een-van-haar-behandelingen-Foto-Laura-van-Kaam.jpg', '2018-06-09 21:11:59', '2019-12-15 14:51:16', 1, 'laura-van-kaam-is-weer-op-de-weg-terug-regio8'),
(177, 'Legionella ontdekt in douches Hessenbad | REGIO8', 'http://www.regio8.nl/legionella-ontdekt-in-douches-hessenbad/nieuws/item?1085656', 43, 'In de douches van het Hessenbad in Hoog-Keppel is een geringe hoeveelheid legionella geconstateerd. De oorzaak is inmiddels weggenomen, waardoor het zwembad gewoon open kan blijven.', 'http://www.regio8.nl/cwm/fm/userfiles/content/eyecatcher/normal/349263_Zwembad_Hessenbad.JPG', '2018-06-06 11:02:27', '2019-12-15 14:51:16', 1, 'legionella-ontdekt-in-douches-hessenbad-regio8'),
(178, 'Lizzy Ossevoort jaagt Amerikaanse droom na | REGIO8', 'http://www.regio8.nl/lizzy-ossevoort-jaagt-amerikaanse-droom-na/nieuws/item?1086713', 43, 'Muzikant Lizzy Ossevoort uit Halle is reeds aangenomen op de Manhattan School of Music in New York, maar om daadwerkelijk aan het studiejaar te beginnen heeft ze tienduizenden euro\'s nodig. Met een <a href=\"https://www.voordekunst.nl/projecten/6949-lizzys', 'http://www.regio8.nl/cwm/fm/userfiles/content/eyecatcher/normal/350808_lizzyossevoort.jpg', '2018-06-13 08:34:08', '2019-12-15 14:51:16', 1, 'lizzy-ossevoort-jaagt-amerikaanse-droom-na-regio8'),
(179, 'Man (29) verdronken in zwembad Vorden | REGIO8', 'http://www.regio8.nl/man-29-verdronken-in-zwembad-vorden/nieuws/item?1085969', 43, 'Een 29-jarige man uit Vorden is in de nacht van donderdag op vrijdag overleden in een buitenzwembad in zijn woonplaats. Het slachtoffer is verdronken toen hij onder een afdekzeil terechtkwam.&nbsp;', 'http://www.regio8.nl/cwm/fm/userfiles/content/eyecatcher/normal/349655_PHOTO-2018-06-08-04-03-08.jpg', '2018-06-08 05:19:53', '2019-12-15 14:51:16', 1, 'man-29-verdronken-in-zwembad-vorden-regio8'),
(180, 'Man (62) opgepakt na mishandeling agent | REGIO8', 'http://www.regio8.nl/man-62-opgepakt-na-mishandeling-agent/nieuws/item?1086752', 43, ' Een 62-jarige man uit Didam is dinsdag aangehouden omdat hij een agent mishandelde na een verkeerscontrole. De man negeerde het stopteken van de agent en reed vervolgens door.<br>', 'http://www.regio8.nl/cwm/fm/userfiles/content/eyecatcher/normal/350894_Boer_doet_landbouwen_blurjpgpngGOED0.png', '2018-06-13 10:45:15', '2019-12-15 14:51:16', 1, 'man-62-opgepakt-na-mishandeling-agent-regio8'),
(181, 'Mark Diemers vertrekt naar Fortuna Sittard | REGIO8', 'http://www.regio8.nl/mark-diemers-vertrekt-naar-fortuna-sittard/nieuws/item?1086446', 43, 'Mark Diemers speelt de komende seizoenen bij Fortuna Sittard. De middenvelder maakt een transfervrije overstap van De Graafschap naar Sittard en ontmoet zijn oud-werkgever volgend jaar in de Eredivisie.', 'http://www.regio8.nl/cwm/fm/userfiles/content/eyecatcher/normal/350289_Mark_Diemers4.JPG', '2018-06-11 14:34:51', '2019-12-15 14:51:16', 1, 'mark-diemers-vertrekt-naar-fortuna-sittard-regio8'),
(182, 'Martin Som geëerd voor raadslidmaatschap | REGIO8', 'http://www.regio8.nl/martin-som-ge%c3%aberd-voor-raadslidmaatschap/nieuws/item?1084907', 43, ' Huidig wethouder Martin Som van Montferland is donderdagavond gedecoreerd als Lid in de Orde van Oranje-Nassau. Hij werd geëerd voor zijn jarenlange inzet als raadslid.<br>', 'http://www.regio8.nl/cwm/fm/userfiles/content/eyecatcher/normal/348140_Martin_Som_krijgt_lintje.jpg', '2018-06-01 09:14:14', '2019-12-15 14:51:16', 1, 'martin-som-ge-erd-voor-raadslidmaatschap-regio8'),
(183, 'Meer vrijheden en rust op Mañana Mañana | REGIO8', 'http://www.regio8.nl/meer-vrijheden-en-rust-op-ma%c3%b1ana-ma%c3%b1ana/nieuws/item?1085294', 43, 'Mañana Mañana wordt dit jaar nog rustiger dan de voorgaande edities. Op het festival in Vorden krijgen de bezoekers de mogelijkheid om nog meer zelf te doen door enkele aanpassingen op de camping en de intrede van een zelftap-bar.<br>', 'http://www.regio8.nl/cwm/fm/userfiles/content/eyecatcher/normal/348796_Manana_opbouw.jpeg', '2018-06-04 11:05:27', '2019-12-15 14:51:16', 1, 'meer-vrijheden-en-rust-op-ma-ana-ma-ana-regio8'),
(184, 'MRSA-bacterie aangetroffen in Slingeland | REGIO8', 'http://www.regio8.nl/mrsa-bacterie-aangetroffen-in-slingeland/nieuws/item?1086998', 43, 'Op de verpleegafdeling A2 van het Slingeland Ziekenhuis in Doetinchem is de MRSA-bacterie aangetroffen. In totaal zijn vier patiënten besmet geraakt.', 'http://www.regio8.nl/cwm/fm/userfiles/content/eyecatcher/normal/351165_Slingeland_Ziekenhuis_Doetinchem_7.JPG', '2018-06-14 15:32:46', '2019-12-15 14:51:16', 1, 'mrsa-bacterie-aangetroffen-in-slingeland-regio8'),
(185, 'Narsingh tekent contract bij De Graafschap | REGIO8', 'http://www.regio8.nl/narsingh-tekent-contract-bij-de-graafschap/nieuws/item?1085611', 43, 'Furdjel Narsingh speelt het komende seizoen bij De Graafschap. De aanvaller komt onder voorbehoud van een medische keuring transfervrij over van Cambuur Leeuwarden.', 'http://www.regio8.nl/cwm/fm/userfiles/content/eyecatcher/normal/349209_De_Graafschap_klomp_close_8.JPG', '2018-06-06 07:58:44', '2019-12-15 14:51:16', 1, 'narsingh-tekent-contract-bij-de-graafschap-regio8'),
(186, 'Netterdense shopt in minuut 250€ bij elkaar | REGIO8', 'http://www.regio8.nl/netterdense-shopt-in-minuut-250%e2%82%ac-bij-elkaar/nieuws/item?1085672', 43, 'Linda Geurtsen uit Netterden heeft woensdagochtend bij de Jumbo in Ulft in een minuut vol adrenaline 250,- euro bij elkaar gewinkeld. De gelukkige winnares was eind april door de supermarkt uitgekozen uit honderden inzendingen na een broodactie om een min', 'http://www.regio8.nl/cwm/fm/userfiles/content/eyecatcher/normal/349281_Gratis_winkelen_Jumbo.jpeg', '2018-06-06 11:53:18', '2019-12-15 14:51:16', 1, 'netterdense-shopt-in-minuut-250-bij-elkaar-regio8');
INSERT INTO `posts` (`id`, `title`, `link`, `source_id`, `description`, `featured_image`, `created_at`, `updated_at`, `categorized`, `slug`) VALUES
(187, 'Nieuwe lift in Action ’s-Heerenberg geopend | REGIO8', 'http://www.regio8.nl/nieuwe-lift-in-action-%e2%80%99s-heerenberg-geopend/nieuws/item?1086793', 43, 'De Action in hartje ’s-Heerenberg is vanaf woensdag toegankelijker voor minder valide personen. Een klacht van de Kilderse Carina Franken-Hermsen heeft geleid tot de plaatsing van een lift.', 'http://www.regio8.nl/cwm/fm/userfiles/content/eyecatcher/normal/350909_Lift_in_Action_s-Heerenberg3.jpg', '2018-06-13 12:57:23', '2019-12-15 14:51:16', 1, 'nieuwe-lift-in-action-s-heerenberg-geopend-regio8'),
(188, 'Oersterk lacht om dreigement van de BWO | REGIO8', 'http://www.regio8.nl/oersterk-lacht-om-dreigement-van-de-bwo/nieuws/item?1086906', 43, 'Stichting Oersterk uit Ulft kan weinig met de mededeling van de Bond van Wetsovertreders (BWO). De stichting <a href=\"http://www.regio8.nl/stichting-ulft-dreigt-inbreker-met-beelden/nieuws/item?1086714\" title=\"\" target=\"_blank\">dreigt camerabeelden</a> va', 'http://www.regio8.nl/cwm/fm/userfiles/content/eyecatcher/normal/351069_DRU_terrein.JPG', '2018-06-14 09:24:42', '2019-12-15 14:51:16', 1, 'oersterk-lacht-om-dreigement-van-de-bwo-regio8'),
(189, 'Ontruiming na gaslekkage in Doesburg | REGIO8', 'http://www.regio8.nl/ontruiming-na-gaslekkage-in-doesburg/nieuws/item?1086472', 43, 'Door een gaslekkage heeft een aantal bewoners in Doesburg de avond niet thuis door kunnen brengen. Uit voorzorg werden 23 woningen ontruimd.<br>', 'http://www.regio8.nl/cwm/fm/userfiles/content/eyecatcher/normal/350407_291170_Koopavond_Doesburg_1.JPG', '2018-06-11 20:43:16', '2019-12-15 14:51:16', 1, 'ontruiming-na-gaslekkage-in-doesburg-regio8'),
(190, 'Oorlogsmonument in Netterden vernield | REGIO8', 'http://www.regio8.nl/oorlogsmonument-in-netterden-vernield/nieuws/item?1085386', 43, 'Onbekenden hebben een vernieling gepleegd aan een oorlogsmonument in Netterden. De ruit van een bunkertje is kapot gemaakt.', 'http://www.regio8.nl/cwm/fm/userfiles/content/eyecatcher/normal/348896_Monumentje_Netterden.png', '2018-06-04 19:18:17', '2019-12-15 14:51:16', 1, 'oorlogsmonument-in-netterden-vernield-regio8'),
(191, 'Oostenrijks bedrijf neemt Daas Baksteen over | REGIO8', 'http://www.regio8.nl/oostenrijks-bedrijf-neemt-daas-baksteen-over/nieuws/item?1086899', 43, '   Daas Baksteen is overgenomen door keramisch specialist Wienerberger AG. Het Oostenrijkse bedrijf laat weten dat de overname van de baksteenfabrikant uit Azewijn moet zorgen voor een optimale samenvoeging van keramische kennis en expertise.', 'http://www.regio8.nl/cwm/fm/userfiles/content/eyecatcher/normal/351035_bakstenen.jpg', '2018-06-14 09:02:03', '2019-12-15 14:51:16', 1, 'oostenrijks-bedrijf-neemt-daas-baksteen-over-regio8'),
(192, 'Orion legt shirtsponsor twee jaar vast | REGIO8', 'http://www.regio8.nl/orion-legt-shirtsponsor-twee-jaar-vast/nieuws/item?1085895', 43, 'Orion heeft met Heilbron voor de komende twee jaar een nieuwe shirtsponsor vastgelegd. Na het vertrek van hoofdsponsor Seesing Personeel was de club uit Doetinchem dringend op zoek naar nieuwe sponsoren.&nbsp;', 'http://www.regio8.nl/cwm/fm/userfiles/content/eyecatcher/normal/349564_orion_nieuwe_sponsor.png', '2018-06-07 12:49:35', '2019-12-15 14:51:16', 1, 'orion-legt-shirtsponsor-twee-jaar-vast-regio8'),
(193, 'Orion vindt in Ogink nieuwe passer-loper | REGIO8', 'http://www.regio8.nl/orion-vindt-in-ogink-nieuwe-passer-loper/nieuws/item?1086597', 43, 'Peter Ogink is door Orion vastgelegd als aanwinst voor het nieuwe seizoen. De 25-jarige passer-loper komt over Vallei Volleybal Prins uit Ede.', 'http://www.regio8.nl/cwm/fm/userfiles/content/eyecatcher/normal/350547_Volleybal_Orion_Topsporthal_7.JPG', '2018-06-12 12:51:55', '2019-12-15 14:51:16', 1, 'orion-vindt-in-ogink-nieuwe-passer-loper-regio8'),
(194, 'Oude IJssel Concert vindt toch doorgang | REGIO8', 'http://www.regio8.nl/oude-ijssel-concert-vindt-toch-doorgang/nieuws/item?1086440', 43, 'Het Oude IJssel Concert, dat dit jaar onderdeel uitmaakt van festival Buitengewoon, gaat toch door. Het is de organisatoren gelukt om het kostenplaatje rond te krijgen, nadat de financiering eerder een heikel punt bleek en doorgang op de tocht stond.<br>', 'http://www.regio8.nl/cwm/fm/userfiles/content/eyecatcher/normal/350364_Conceptontwerp_Oude_IJssel_1.jpg', '2018-06-11 14:12:31', '2019-12-15 14:51:16', 1, 'oude-ijssel-concert-vindt-toch-doorgang-regio8'),
(195, 'Oude waterpomp Hummelo in ere hersteld | REGIO8', 'http://www.regio8.nl/oude-waterpomp-hummelo-in-ere-hersteld/nieuws/item?1086920', 43, 'De oude waterpomp in het dorpshart van Hummelo is weer in gebruik genomen. Met de heringebruikname van de in 1875 geplaatste pomp is volgens gemeente Bronckhorst de huiskamer van het dorp weer compleet.', 'http://www.regio8.nl/cwm/fm/userfiles/content/eyecatcher/normal/351068_Dorpspomp_Hummelo.jpg', '2018-06-14 09:54:00', '2019-12-15 14:51:16', 1, 'oude-waterpomp-hummelo-in-ere-hersteld-regio8'),
(196, 'Politie pakt man met drugs in Doetinchem | REGIO8', 'http://www.regio8.nl/politie-pakt-man-met-drugs-in-doetinchem/nieuws/item?1085031', 43, 'De politie heeft in de nacht van vrijdag op zaterdag in Doetinchem een man aangehouden met een flinke hoeveelheid drugs. Het gaat waarschijnlijk om amfetamine.', 'http://www.regio8.nl/cwm/fm/userfiles/content/eyecatcher/normal/348345_Politie_auto_zwaailicht_25.JPG', '2018-06-02 07:32:53', '2019-12-15 14:51:16', 1, 'politie-pakt-man-met-drugs-in-doetinchem-regio8'),
(197, 'Reurpop geniet van zonnig en vol festival | REGIO8', 'http://www.regio8.nl/reurpop-geniet-van-zonnig-en-vol-festival/nieuws/item?1086318', 43, 'De organisatie van Reurpop is tevreden met het verloop van het festival. Het evenement in Ruurlo trok dit weekend meer dan 4.500 mensen.', 'http://www.regio8.nl/cwm/fm/userfiles/content/eyecatcher/normal/350224_reurpop_gelre_fm.png', '2018-06-11 07:56:24', '2019-12-15 14:51:16', 1, 'reurpop-geniet-van-zonnig-en-vol-festival-regio8'),
(198, 'Special Olympicsdorp geopend op Marveld | REGIO8', 'http://www.regio8.nl/special-olympicsdorp-geopend-op-marveld/nieuws/item?1086085', 43, 'Het Olympisch dorp is vrijdagmiddag geopend door burgemeester Annette Bronsvoort en boegbeeld van de Special Olympics Daniël van den Berg. Meer dan tweeduizend sporters met een beperking uit heel Nederland zijn dit weekend te gast bij het Marveld in Groen', 'http://www.regio8.nl/cwm/fm/userfiles/content/eyecatcher/normal/349827_opening_dorp_Special_olympics.jpg', '2018-06-08 14:14:41', '2019-12-15 14:51:16', 1, 'special-olympicsdorp-geopend-op-marveld-regio8'),
(199, 'Stichting Ulft dreigt inbreker met beelden | REGIO8', 'http://www.regio8.nl/stichting-ulft-dreigt-inbreker-met-beelden/nieuws/item?1086714', 43, 'De verbijstering is groot bij Stichting Oersterk in Ulft, die dagbesteding voor (jong)volwassenen met een beperking biedt. Bij een inbraak op het DRU-terrein is apparatuur en geld van cliënten buitgemaakt. Toch is er een lichtpuntje: de dader is gefilmd.', 'http://www.regio8.nl/cwm/fm/userfiles/content/eyecatcher/normal/350811_DRU_terrein_Ulft_4.JPG', '2018-06-13 08:34:19', '2019-12-15 14:51:16', 1, 'stichting-ulft-dreigt-inbreker-met-beelden-regio8'),
(200, 'Streetball biedt Zommerrun helpende hand | REGIO8', 'http://www.regio8.nl/streetball-biedt-zommerrun-helpende-hand/nieuws/item?1086722', 43, 'Streetball de Lichtenberg in Silvolde helpt zaterdag bij de Zommerrun. In eerste instantie vormde het sportinitiatief alleen het goede doel, maar toen de organisatie op de tocht kwam te staan twijfelde initiatiefnemer Benny Vonk geen moment om zijn handen', 'http://www.regio8.nl/cwm/fm/userfiles/content/eyecatcher/normal/350817_Lichtenberg_Silvolde.png', '2018-06-13 09:05:55', '2019-12-15 14:51:16', 1, 'streetball-biedt-zommerrun-helpende-hand-regio8'),
(201, 'Strongman jubileert in centrum Doetinchem | REGIO8', 'http://www.regio8.nl/strongman-jubileert-in-centrum-doetinchem/nieuws/item?1085099', 43, 'Veertien krachtpatsers van over de hele wereld lieten zaterdag hun exorbitante krachten zien voor het stadhuis in Doetinchem. Voor de vijftiende keer streek de Strongman Champions League neer in de Achterhoek.', 'http://www.regio8.nl/cwm/fm/userfiles/content/eyecatcher/normal/348499_Strongman_Doetinchem2.JPG', '2018-06-02 16:26:07', '2019-12-15 14:51:16', 1, 'strongman-jubileert-in-centrum-doetinchem-regio8'),
(202, 'Subsidie voor monumenten in Achterhoek | REGIO8', 'http://www.regio8.nl/subsidie-voor-monumenten-in-achterhoek/nieuws/item?1086538', 43, 'Het Ministerie van Onderwijs, Cultuur en Wetenschap trekt in totaal 34 miljoen euro uit voor de restauratie van rijksmonumenten. Drie Achterhoekse gebouwen zijn uitgekozen voor een financiële bijdrage.', 'http://www.regio8.nl/cwm/fm/userfiles/content/eyecatcher/normal/350489_Nel_Schellekens.JPG', '2018-06-12 09:48:42', '2019-12-15 14:51:16', 1, 'subsidie-voor-monumenten-in-achterhoek-regio8'),
(203, 'Tegel voor beste markt onthuld in Dinxperlo | REGIO8', 'http://www.regio8.nl/tegel-voor-beste-markt-onthuld-in-dinxperlo/nieuws/item?1086088', 43, '   Burgemeester Anton Stapelkamp van Aalten heeft vrijdag een speciale tegel onthuld op de markt in Dinxperlo. Dit gebeurde naar aanleiding van de titel ‘Beste Markt van Nederland’ die het dorp in maart kreeg.', 'http://www.regio8.nl/cwm/fm/userfiles/content/eyecatcher/normal/349831_markt_dinxperlo_beste.png', '2018-06-08 14:23:26', '2019-12-15 14:51:16', 1, 'tegel-voor-beste-markt-onthuld-in-dinxperlo-regio8'),
(204, 'Truck met groenafval kantelt in Doetinchem | REGIO8', 'http://www.regio8.nl/truck-met-groenafval-kantelt-in-doetinchem/nieuws/item?1085997', 43, 'Een vrachtwagen is vrijdagochtend gekanteld in Doetinchem. De truck met groenafval belandde op zijn kant op de Terborgseweg.', 'http://www.regio8.nl/cwm/fm/userfiles/content/eyecatcher/normal/349733_vrachtwagen_doetinchem_0806.png', '2018-06-08 08:59:19', '2019-12-15 14:51:16', 1, 'truck-met-groenafval-kantelt-in-doetinchem-regio8'),
(205, 'Uitkijktoren Stokkum voorzien van landkaart | REGIO8', 'http://www.regio8.nl/uitkijktoren-stokkum-voorzien-van-landkaart/nieuws/item?1084872', 43, 'De <a href=\"http://www.regio8.nl/uitkijktoren-in-gebruik-genomen/content/item?799414\" title=\"\" target=\"_blank\">uitkijktoren</a> bij Stokkum is sinds deze week voorzien van een horizontekening. Bezoekers kunnen op de landkaart nu aflezen wat ze zien in het', 'http://www.regio8.nl/cwm/fm/userfiles/content/eyecatcher/normal/348105_horizontekening_op_locatie.jpg', '2018-06-01 06:51:36', '2019-12-15 14:51:16', 1, 'uitkijktoren-stokkum-voorzien-van-landkaart-regio8'),
(206, 'Uitspraak uitgebouwd tot festival in Ulft | REGIO8', 'http://www.regio8.nl/uitspraak-uitgebouwd-tot-festival-in-ulft/nieuws/item?1085167', 43, 'De uitspraak ‘ben je helemaal koekoek?!’ is door de zussen Karin Willemsen-Robben en Nardy Robben uitgebouwd tot festival. Met het festival willen ze psychische klachten bespreekbaar maken voor de mensen die er mee kampen en hun omgeving.<br>', 'http://www.regio8.nl/cwm/fm/userfiles/content/eyecatcher/normal/348609_IMG_8721.JPG', '2018-06-03 18:20:23', '2019-12-15 14:51:16', 1, 'uitspraak-uitgebouwd-tot-festival-in-ulft-regio8'),
(207, 'Van Mieghem tekent alsnog bij De Graafschap | REGIO8', 'http://www.regio8.nl/van-mieghem-tekent-alsnog-bij-de-graafschap/nieuws/item?1085626', 43, 'Daryl van Mieghem speelt komend seizoen wederom voor De Graafschap. De aanvaller, vorig seizoen ook actief voor de Superboeren, tekent een contract voor een seizoen.', 'http://www.regio8.nl/cwm/fm/userfiles/content/eyecatcher/normal/349228_Daryl_van_Mieghem4.JPG', '2018-06-06 09:11:19', '2019-12-15 14:51:16', 1, 'van-mieghem-tekent-alsnog-bij-de-graafschap-regio8'),
(208, 'Varsseveld twee weken langer in het donker | REGIO8', 'http://www.regio8.nl/varsseveld-twee-weken-langer-in-het-donker/nieuws/item?1085469', 43, 'Een gedeelte van Varsseveld zit nog twee weken langer zonder goed functionerende straatverlichting. Netbeheerder Liander zal de storing, die al anderhalve week gaande is, op 18 juni opzoeken en verhelpen. ', 'http://www.regio8.nl/cwm/fm/userfiles/content/eyecatcher/normal/348968_Bord_Varsseveld_3.jpg', '2018-06-05 11:06:49', '2019-12-15 14:51:16', 1, 'varsseveld-twee-weken-langer-in-het-donker-regio8'),
(209, 'Victor Steeman (17) richt zijn ogen op WK | REGIO8', 'http://www.regio8.nl/victor-steeman-17-richt-zijn-ogen-op-wk/nieuws/item?1086600', 43, '   Victor Steeman bereidt zich voor op het Wereldkampioenschap motorracen in de Supersport 300 klasse. De talentvolle wegracer uit Lathum wil onder andere op de TT in Assen hoge ogen gooien om zo een goed CV op te bouwen voor het WK.', 'http://www.regio8.nl/cwm/fm/userfiles/content/eyecatcher/normal/350528_HT_Victor_Steeman2.jpg', '2018-06-12 12:57:50', '2019-12-15 14:51:16', 1, 'victor-steeman-17-richt-zijn-ogen-op-wk-regio8'),
(210, 'Vijverberg swingt bij opening Special Olympics | REGIO8', 'http://www.regio8.nl/vijverberg-swingt-bij-opening-special-olympics/nieuws/item?1086143', 43, 'Onder toeziend oog van meer dan tweeduizend dolenthousiaste sporters met een beperking zijn de Special Olympics in de Achterhoek vrijdagavond geopend. Met optredens van onder meer Gerard Joling en Suzan &amp; Freek werd het een swingend feest in een warme', 'http://www.regio8.nl/cwm/fm/userfiles/content/eyecatcher/normal/349927_Special_Olympics_opening_1.JPG', '2018-06-09 08:10:56', '2019-12-15 14:51:16', 1, 'vijverberg-swingt-bij-opening-special-olympics-regio8'),
(211, 'Vrijwilligers houden duofiets in beweging | REGIO8', 'http://www.regio8.nl/vrijwilligers-houden-duofiets-in-beweging/nieuws/item?1085513', 43, 'Montferland zoekt extra vrijwilligers die met ouderen op zogeheten duofietsen een rondje door de gemeente willen maken. Het oorspronkelijke side-event van het NK Wielrennen werd vorig jaar positief ontvangen en het vervolg is deze week gestart.', 'http://www.regio8.nl/cwm/fm/userfiles/content/eyecatcher/normal/349060_Duofietstocht_Montferland.jpg', '2018-06-05 13:37:56', '2019-12-15 14:51:16', 1, 'vrijwilligers-houden-duofiets-in-beweging-regio8'),
(212, 'Vrouw (83) gewond bij botsing nabij Beek | REGIO8', 'http://www.regio8.nl/vrouw-83-gewond-bij-botsing-nabij-beek/nieuws/item?1085709', 43, 'Een 83-jarige vrouw is woensdagmiddag gewond geraakt bij een botsing met een auto in Beek. Ze kwam met haar elektrische fiets tegen een aanhanger aan.', 'http://www.regio8.nl/cwm/fm/userfiles/content/eyecatcher/normal/349333_Aanrijding_nabij_Beek.jpg', '2018-06-06 14:21:08', '2019-12-15 14:51:16', 1, 'vrouw-83-gewond-bij-botsing-nabij-beek-regio8'),
(213, 'Vrouw in eigen huis beroofd in Doetinchem | REGIO8', 'http://www.regio8.nl/vrouw-in-eigen-huis-beroofd-in-doetinchem/nieuws/item?1085479', 43, 'Een 92-jarige vrouw uit Doetinchem is afgelopen weekend vermoedelijk slachtoffer geworden van insluiping. Een dag na een huisbezoek merkte ze dat ze honderden euro’s en een aantal sieraden mistte.', 'http://www.regio8.nl/cwm/fm/userfiles/content/eyecatcher/normal/349026_Politie_auto_schuin_3_15.JPG', '2018-06-05 11:30:28', '2019-12-15 14:51:16', 1, 'vrouw-in-eigen-huis-beroofd-in-doetinchem-regio8'),
(214, 'Vrouw overlijdt bij verkeersongeval in Aalten | REGIO8', 'http://www.regio8.nl/vrouw-overlijdt-bij-verkeersongeval-in-aalten/nieuws/item?1086584', 43, 'Een 84-jarige vrouw is dinsdagmiddag verongelukt in Aalten. De automobiliste reed met haar vermoedelijke leenauto tegen een boom.', 'http://www.regio8.nl/cwm/fm/userfiles/content/eyecatcher/normal/350536_ongeval_aalten_1206.jpg', '2018-06-12 12:27:41', '2019-12-15 14:51:16', 1, 'vrouw-overlijdt-bij-verkeersongeval-in-aalten-regio8'),
(215, 'Vrouw rijdt haar auto de sloot in bij Beltrum | REGIO8', 'http://www.regio8.nl/vrouw-rijdt-haar-auto-de-sloot-in-bij-beltrum/nieuws/item?1086502', 43, 'Een bestuurster is dinsdagochtend op onverklaarbare wijze in de sloot beland op de Zieuwentseweg bij Beltrum. De vrouw raakte bij het ongeval gewond.<br>', 'http://www.regio8.nl/cwm/fm/userfiles/content/eyecatcher/normal/350449_112AN_Vrouw_stuurt_auto_de_sloot_in.jpeg', '2018-06-12 07:17:45', '2019-12-15 14:51:16', 1, 'vrouw-rijdt-haar-auto-de-sloot-in-bij-beltrum-regio8'),
(216, 'VVL viert laatste jubileum groots in Lengel | REGIO8', 'http://www.regio8.nl/vvl-viert-laatste-jubileum-groots-in-lengel/nieuws/item?1085154', 43, 'VVL uit Lengel heeft het laatste jubileum zondagmiddag groots gevierd met zo\'n tweehonderd leden. De club vierde het 70-jarig bestaan en gaat op termijn fuseren met MVR en Stokkum.<br>', 'http://www.regio8.nl/cwm/fm/userfiles/content/eyecatcher/normal/348586_Sportpark_VV_Lengel.png', '2018-06-03 15:19:03', '2019-12-15 14:51:16', 1, 'vvl-viert-laatste-jubileum-groots-in-lengel-regio8'),
(217, 'Wasmachine veroorzaakt brand in Aalten | REGIO8', 'http://www.regio8.nl/wasmachine-veroorzaakt-brand-in-aalten/nieuws/item?1086355', 43, 'In een appartement aan de Koeweide in Aalten heeft maandagochtend een brand gewoed. Een wasmachine zou de oorzaak van de brand zijn geweest.<br>', 'http://www.regio8.nl/cwm/fm/userfiles/content/eyecatcher/normal/350263_112AN_Brand_in_seniorenflat.jpeg', '2018-06-11 09:52:09', '2019-12-15 14:51:16', 1, 'wasmachine-veroorzaakt-brand-in-aalten-regio8'),
(218, 'Weer financiële problemen Boogie Woogie  | REGIO8', 'http://www.regio8.nl/weer-financi%c3%able-problemen-boogie-woogie/nieuws/item?1085291', 43, 'Muziekschool Boogie Woogie in Winterswijk verkeert weer in financiële problemen. Het cultureel centrum heeft Winterswijk, Aalten en Oost-Gelre gevraagd om aanvullende subsidies om een faillissement te voorkomen.', 'http://www.regio8.nl/cwm/fm/userfiles/content/eyecatcher/normal/348795_291469_boogie_woogie_6-9.jpg', '2018-06-04 10:58:13', '2019-12-15 14:51:16', 1, 'weer-financi-le-problemen-boogie-woogie-regio8'),
(219, 'Weer inbraak bij fietswinkel in Doetinchem | REGIO8', 'http://www.regio8.nl/weer-inbraak-bij-fietswinkel-in-doetinchem/nieuws/item?1086894', 43, 'Bij een inbraak op een fietswinkel in Doetinchem hebben onbekende daders in de nacht van woensdag op donderdag ruim zestigduizend euro aan fietsen buitgemaakt. Het is de tweede keer dat de zaak slachtoffer is geworden van een dergelijke kraak.', 'http://www.regio8.nl/cwm/fm/userfiles/content/eyecatcher/normal/351049_Politie_zwaailicht_agent_15.JPG', '2018-06-14 08:46:55', '2019-12-15 14:51:16', 1, 'weer-inbraak-bij-fietswinkel-in-doetinchem-regio8'),
(220, 'Weerboer Gerrit voorspelt bewolkt weekend | REGIO8', 'http://www.regio8.nl/weerboer-gerrit-voorspelt-bewolkt-weekend/nieuws/item?1084919', 43, 'Weerboer Gerrit Vossers neemt iedere vrijdag voor De Gelderlander en REGIO8 de weersvoorspellingen voor het weekend door. De weerman voorziet een redelijk droog, maar wel bewolkt weekend.', 'http://www.regio8.nl/cwm/fm/userfiles/content/eyecatcher/normal/348182_Gerrit_1.JPG', '2018-06-01 10:15:46', '2019-12-15 14:51:16', 1, 'weerboer-gerrit-voorspelt-bewolkt-weekend-regio8'),
(221, 'Weerboer Gerrit voorziet regen én zon | REGIO8', 'http://www.regio8.nl/weerboer-gerrit-voorziet-regen-%c3%a9n-zon/nieuws/item?1086030', 43, 'Weerboer Gerrit Vossers neemt iedere vrijdag voor De Gelderlander en REGIO8 de weersvoorspellingen voor het weekend door. De weerman voorspelt een wisselvallig weekend met prima temperaturen.', 'http://www.regio8.nl/cwm/fm/userfiles/content/eyecatcher/normal/349764_GWWP_08062018.jpg', '2018-06-08 10:56:36', '2019-12-15 14:51:16', 1, 'weerboer-gerrit-voorziet-regen-n-zon-regio8'),
(222, 'Winterswijk onderzoekt bedrijventerreinen | REGIO8', 'http://www.regio8.nl/winterswijk-onderzoekt-bedrijventerreinen/nieuws/item?1085850', 43, 'Winterswijk laat onderzoek doen naar de vraag- en aanbodontwikkeling in bedrijfslocaties. Het college wil een plan van aanpak ontwikkelen waarin wordt gekeken naar de kwaliteit van bestaande bedrijventerreinen en de mogelijkheden voor de aanleg van nieuwe', 'http://www.regio8.nl/cwm/fm/userfiles/content/eyecatcher/normal/349523_Gemeentehuis_Winterswijk_close_1.png', '2018-06-07 10:40:51', '2019-12-15 14:51:16', 1, 'winterswijk-onderzoekt-bedrijventerreinen-regio8'),
(223, 'Winterswijker veroordeeld voor stalken ex | REGIO8', 'http://www.regio8.nl/winterswijker-veroordeeld-voor-stalken-ex/nieuws/item?1085022', 43, 'Een 45-jarige man uit Winterswijk is veroordeeld voor het belagen van zijn voormalige vriendin en smaad. Naast een voorwaardelijke celstraf van zes maanden moet de man 160 uur werken.', 'http://www.regio8.nl/cwm/fm/userfiles/content/eyecatcher/normal/348335_Politie_handboeien_1_25.JPG', '2018-06-02 07:06:37', '2019-12-15 14:51:16', 1, 'winterswijker-veroordeeld-voor-stalken-ex-regio8'),
(224, 'Zorgen om frietverkoop bij Aviko-zwembad | REGIO8', 'http://www.regio8.nl/zorgen-om-frietverkoop-bij-aviko-zwembad/nieuws/item?1085021', 43, 'De snackverkoop op het <a href=\"http://www.regio8.nl/buitenbad-steenderen-is-weer-zomerklaar/content/item?1077739\" title=\"\" target=\"_blank\">Burgemeester Kruijffbad</a> in Steenderen staat onder druk. Het zwembad laat weten dringend op zoek te zijn naar ex', 'http://www.regio8.nl/cwm/fm/userfiles/content/eyecatcher/normal/348334_Zwembad_Steenderen_2.JPG', '2018-06-02 07:02:56', '2019-12-15 14:51:16', 1, 'zorgen-om-frietverkoop-bij-aviko-zwembad-regio8'),
(225, 'Zweefvliegtuig moet landen nabij Zeddam | REGIO8', 'http://www.regio8.nl/zweefvliegtuig-moet-landen-nabij-zeddam/nieuws/item?1085388', 43, 'Een zweefvliegtuig heeft maandagavond een noodlanding gemaakt in Zeddam. Het kwam terecht in een weiland in het buitengebied.', 'http://www.regio8.nl/cwm/fm/userfiles/content/eyecatcher/normal/348899_zweefvliegtuigje.jpg', '2018-06-04 19:34:19', '2019-12-15 14:51:16', 1, 'zweefvliegtuig-moet-landen-nabij-zeddam-regio8'),
(226, 'Minder vwo-leerlingen in Achterhoek geslaagd', 'https://www.gelderlander.nl/aalten/minder-vwo-leerlingen-in-achterhoek-geslaagd~afee4826/', 27, 'DOETINCHEM/ WINTERSWIJK - Het aantal vwo-leerlingen dat dit jaar een diploma heeft gehaald, is drastisch gedaald ten opzichte van vorig schooljaar. Dat blijkt uit de slagingspercentages van de middelbare scholen in de Achterhoek.', '', '2018-06-13 18:33:44', '2019-12-15 14:51:16', 1, 'minder-vwo-leerlingen-in-achterhoek-geslaagd'),
(227, 'VVD, CDA en PP vinden elkaar in Aalten', 'https://www.gelderlander.nl/aalten/vvd-cda-en-pp-vinden-elkaar-in-aalten~ae60f169/', 27, 'AALTEN - De partijen CDA, VVD en Progressieve Partij (PP) gaan in de gemeente Aalten het college vormen. De nieuwe wethouders, van wie de namen nog niet bekend zijn gemaakt, worden waarschijnlijk tijdens de raadsvergadering van 3 juli benoemd.', '', '2018-06-13 09:47:44', '2019-12-15 14:51:16', 1, 'vvd-cda-en-pp-vinden-elkaar-in-aalten'),
(228, 'Bijna helft aantal meidoorns gekapt in miljoenendebacle Het Witte Lint', 'https://www.gelderlander.nl/achterhoek/bijna-helft-aantal-meidoorns-gekapt-in-miljoenendebacle-het-witte-lint~a02f800d/', 27, 'ZUTPHEN - Van de 1177 meidoornbomen die deel uit maken van landschapskunstwerk Het Witte Lint tussen Zutphen en Eefde staan er nog 610 overeind. Afgelopen week zijn 567 door de perenprachtkever aangetaste bomen verwijderd.', '', '2018-06-13 17:04:10', '2019-12-15 14:51:16', 1, 'bijna-helft-aantal-meidoorns-gekapt-in-miljoenendebacle-het-witte-lint'),
(229, 'Helft van de Achterhoekers doet niks om tekenbeet te voorkomen', 'https://www.gelderlander.nl/achterhoek/helft-van-de-achterhoekers-doet-niks-om-tekenbeet-te-voorkomen~a67ce7fd/', 27, 'DOETINCHEM - Meer dan de helft van de mensen in de Achterhoek doet er niks aan om tekenbeten te voorkomen. Terwijl bijna vier van de tien inwoners wel eens een tekenbeet heeft opgelopen.', '', '2018-06-13 09:46:03', '2019-12-15 14:51:16', 1, 'helft-van-de-achterhoekers-doet-niks-om-tekenbeet-te-voorkomen'),
(230, 'Eibergenaren van De Bleek voelen zich boos, gepiepeld en misleid', 'https://www.gelderlander.nl/berkelland/eibergenaren-van-de-bleek-voelen-zich-boos-gepiepeld-en-misleid~a84d2f90/', 27, 'BORCULO/EIBERGEN - Bewoners van Op de Bleek zijn boos. Ze voelen zich misleid door de gemeente Berkelland over het volbouwen van groen in hun wijk en gaan in beroep.', '', '2018-06-14 06:05:45', '2019-12-15 14:51:16', 1, 'eibergenaren-van-de-bleek-voelen-zich-boos-gepiepeld-en-misleid'),
(231, 'Hartverwarmende toeteractie voor Mees langs de N18', 'https://www.gelderlander.nl/berkelland/hartverwarmende-toeteractie-voor-mees-langs-de-n18~a740dc8d/', 27, 'EIBERGEN - Een oproep van Achterhoeker Marco Wassink aan truckers om op de N18 om een zwaaiende jongen uit Eibergen te groeten krijgt een enorme bijval. Mees is dol op vrachtwagens en staat bijna elke vrijdagmiddag bij Eibergen naar de passerende trucks t', '', '2018-06-13 18:34:19', '2019-12-15 14:51:16', 1, 'hartverwarmende-toeteractie-voor-mees-langs-de-n18'),
(232, 'Meerdere plannen voor zonneparken nabij N18', 'https://www.gelderlander.nl/berkelland/meerdere-plannen-voor-zonneparken-nabij-n18~a663f0ec/', 27, 'NEEDE - Voorzichtig positief, zonder dat iemand als eerste het woord ‘mooi’ in de mond neemt. Dat is globaal de sfeer op een inloopbijeekomst over het geplande zonnepark van Kronos Solar in het Spilbroek zuidelijk van Neede.', '', '2018-06-14 09:29:28', '2019-12-15 14:51:16', 1, 'meerdere-plannen-voor-zonneparken-nabij-n18'),
(233, 'Foutje bedankt: Tessa (17) blijkt tóch niet geslaagd', 'https://www.gelderlander.nl/binnenland/foutje-bedankt-tessa-17-blijkt-toch-niet-geslaagd~a954e209/', 27, 'SILVOLDE/ WESTERVOORT - Het zal je maar gebeuren: spring je eerst een gat in de lucht omdat je geslaagd bent voor je eindexamen, word je twee uur later gebeld dat je toch gezakt bent. Het overkwam de 17-jarige havoscholiere Tessa Schror uit Westervoort gi', '', '2018-06-14 13:51:00', '2019-12-15 14:51:16', 1, 'foutje-bedankt-tessa-17-blijkt-t-ch-niet-geslaagd'),
(234, 'Condoleance voor verdronken Vordenaar bij voetbalclub', 'https://www.gelderlander.nl/bronckhorst/condoleance-voor-verdronken-vordenaar-bij-voetbalclub~a5cf73dd/', 27, 'KRANENBURG/VORDEN - Voetbalvereniging Ratti is in rouw nadat in de nacht van donderdag op vrijdag een voetballer uit het eerste elftal om het leven kwam. Alle interne toernooien zijn afgelast. De condoleance vindt vanavond plaats op de club.', '', '2018-06-13 07:59:48', '2019-12-15 14:51:16', 1, 'condoleance-voor-verdronken-vordenaar-bij-voetbalclub'),
(235, 'Festival Mañana Mañana in Vorden: let op teken', 'https://www.gelderlander.nl/bronckhorst/festival-manana-manana-in-vorden-let-op-teken~a5b537bf/', 27, 'Bezoekers van het festival Mañana Mañana moeten rekening houden met teken. De organisatie van het festival bij kasteel Vorden waarschuwt op haar site festivalbezoekers voor tekenbeten. Ook de opbouwers van het festival kregen er afgelopen dagen mee te mak', '', '2018-06-14 06:30:07', '2019-12-15 14:51:16', 1, 'festival-ma-ana-ma-ana-in-vorden-let-op-teken'),
(236, 'Meisje (16) uit Laag-Keppel vermist', 'https://www.gelderlander.nl/bronckhorst/meisje-16-uit-laag-keppel-vermist~afb556fd/', 27, 'ARNHEM - De politie is op zoek naar een zestienjarig meisje uit Laag-Keppel dat sinds vanmiddag wordt vermist. Het meisje is voor het laatst gezien in het centrum van Arnhem.', '', '2018-06-13 15:20:17', '2019-12-15 14:51:16', 1, 'meisje-16-uit-laag-keppel-vermist'),
(237, 'Onderzoek naar zedendelict op zorgboerderij Wichmond', 'https://www.gelderlander.nl/bronckhorst/onderzoek-naar-zedendelict-op-zorgboerderij-wichmond~a3bdfb85/', 27, 'WICHMOND - De politie doet momenteel onderzoek naar een zedendelict dat zou hebben plaatsgevonden op zorgboerderij Vergeet-me-nietjes in Wichmond.', '', '2018-06-14 04:13:33', '2019-12-15 14:51:16', 1, 'onderzoek-naar-zedendelict-op-zorgboerderij-wichmond'),
(238, '‘Bij de avondvierdaagse hoort een snoepje’', 'https://www.gelderlander.nl/doesburg/bij-de-avondvierdaagse-hoort-een-snoepje~af05e510/', 27, 'DOESBURG - De gemeente Doesburg ziet kinderen graag zonder zoetigheid wandelen, maar een snoepvrije avondvierdaagse lijkt voorlopig een utopie.', '', '2018-06-14 05:14:50', '2019-12-15 14:51:16', 1, '-bij-de-avondvierdaagse-hoort-een-snoepje-'),
(239, 'Een pilsje met een bitterbal in crematorium Slangenburg', 'https://www.gelderlander.nl/doetinchem/een-pilsje-met-een-bitterbal-in-crematorium-slangenburg~a7a2e4fc/', 27, 'DOETINCHEM - Crematorium Slangenburg haalt vanaf nu ook activiteiten binnen die niets met de dood te maken hebben. Niet uitgesloten mag worden dat er in de toekomst een feest kan worden gevierd.', '', '2018-06-13 13:02:57', '2019-12-15 14:51:16', 1, 'een-pilsje-met-een-bitterbal-in-crematorium-slangenburg'),
(240, 'Fietsen ter waarde van 60.000 euro weg uit wielerzaak: \'Heel frustrerend\'', 'https://www.gelderlander.nl/doetinchem/fietsen-ter-waarde-van-60-000-euro-weg-uit-wielerzaak-heel-frustrerend~a1cec9aa/', 27, 'DOETINCHEM - Bij wielerzaak De Pedaleur in Doetinchem is in de nacht van woensdag op donderdag voor ongeveer 60.000 euro aan racefietsen gestolen. Het is niet de eerste keer dat het bedrijf van Rob van der Wal doelwit is van inbrekers.', '', '2018-06-14 11:38:02', '2019-12-15 14:51:16', 1, 'fietsen-ter-waarde-van-60-000-euro-weg-uit-wielerzaak-heel-frustrerend-'),
(241, 'Journalist de Gelderlander geweigerd bij Mañana Mañana', 'https://www.gelderlander.nl/doetinchem/journalist-de-gelderlander-geweigerd-bij-manana-manana~a08646eb/', 27, 'DOETINCHEM - Journalist Menno Pols van De Gelderlander wordt de toegang geweigerd bij Mañana Mañana. Het festival in Vorden, georganiseerd door De Feestfabriek, begint vrijdag 15 juni en duurt tot en met zondag 17 juni.', '', '2018-06-14 13:32:05', '2019-12-15 14:51:16', 1, 'journalist-de-gelderlander-geweigerd-bij-ma-ana-ma-ana'),
(242, 'Kinderboekenzaak in Doetinchemse Boliestraat', 'https://www.gelderlander.nl/doetinchem/kinderboekenzaak-in-doetinchemse-boliestraat~a6560d81/', 27, 'DOETINCHEM - Meester Mokka is de naam van de kinderboekenzaak die komt in de Boliestraat in Doetinchem. Op dit moment is er een verbouwing gaande. De planning is om de winkel te openen op 1 oktober.', '', '2018-06-14 07:06:12', '2019-12-15 14:51:16', 1, 'kinderboekenzaak-in-doetinchemse-boliestraat'),
(243, 'Onderzoek in verband met ziekenhuisbacterie MRSA', 'https://www.gelderlander.nl/doetinchem/onderzoek-in-verband-met-ziekenhuisbacterie-mrsa~aeeb0f36/', 27, 'DOETINCHEM - Op de verpleegafdeling A2 van het Slingeland Ziekenhuis is de MRSA-bacterie aangetroffen bij vier patiënten. Om verdere verspreiding te voorkomen zijn maatregelen genomen.', '', '2018-06-14 15:56:47', '2019-12-15 14:51:16', 1, 'onderzoek-in-verband-met-ziekenhuisbacterie-mrsa'),
(244, 'Daas Baksteen uit Azewijn overgenomen door Oostenrijks bedrijf', 'https://www.gelderlander.nl/montferland/daas-baksteen-uit-azewijn-overgenomen-door-oostenrijks-bedrijf~a624f534/', 27, 'DOETINCHEM - Daas Baksteen uit Azewijn is overgenomen door Wienerberger AG, een Oostenrijkse bedrijf dat op haar eigen website zegt de grootste baksteenproducent ter wereld te zijn. Wienerberger zit in dertig landen en produceert vanaf 197 locaties.', '', '2018-06-13 15:03:06', '2019-12-15 14:51:16', 1, 'daas-baksteen-uit-azewijn-overgenomen-door-oostenrijks-bedrijf'),
(245, 'Didammer (62) negeert stopteken en mishandelt agent', 'https://www.gelderlander.nl/montferland/didammer-62-negeert-stopteken-en-mishandelt-agent~ae4be0c3/', 27, 'DIDAM - Een 62-jarige bestuurder van een landbouwvoertuig uit Didam is dinsdag aangehouden nadat hij een agent mishandelde. Pas nadat de agent hulp van zijn collega\'s kreeg, kon de agressieve Didammer aangehouden worden.', '', '2018-06-13 10:15:08', '2019-12-15 14:51:16', 1, 'didammer-62-negeert-stopteken-en-mishandelt-agent'),
(246, 'Auto op N18 slingert de sloot in', 'https://www.gelderlander.nl/oost-gelre/auto-op-n18-slingert-de-sloot-in~a75b7f01/', 27, 'GROENLO - Op de N18 bij Groenlo is woensdagmiddag een auto met aanhanger van de weg geraakt en in de sloot beland. De bestuurder raakte niet gewond.', '', '2018-06-13 13:04:03', '2019-12-15 14:51:16', 1, 'auto-op-n18-slingert-de-sloot-in'),
(247, 'Bouwbestuurder Leo te Bogt (57) overleden', 'https://www.gelderlander.nl/oost-gelre/bouwbestuurder-leo-te-bogt-57-overleden~a4b6796f/', 27, 'LICHTENVOORDE/ DINXPERLO - Leo te Bogt, voorzitter van Bouwend Nederland afdeling Achterhoek en directeur van de Klaassen Groep in Dinxperlo, is afgelopen maandag plotseling overleden.', '', '2018-06-14 06:39:14', '2019-12-15 14:51:16', 1, 'bouwbestuurder-leo-te-bogt-57-overleden'),
(248, 'Initiatief voor zonnepark in Lievelde', 'https://www.gelderlander.nl/oost-gelre/initiatief-voor-zonnepark-in-lievelde~aba6bff6/', 27, 'LIEVELDE - In het buitengebied van Lievelde bestaan plannen voor een zonnepark. Twee ondernemers willen op hun eigen grond aan de Nieuwendijk energie op gaan wekken met zonnepanelen.', '', '2018-06-13 09:15:39', '2019-12-15 14:51:16', 1, 'initiatief-voor-zonnepark-in-lievelde'),
(249, 'Uitroken hommelnest veroorzaakt brandje in spouwmuur', 'https://www.gelderlander.nl/oost-gelre/uitroken-hommelnest-veroorzaakt-brandje-in-spouwmuur~a053a894/', 27, 'GROENLO - Tijdens het vernietigen van een hommelnest bij een woning aan de Mozartstraat in Groenlo is woensdagavond brand in de spouwmuur ontstaan. De gevolgen van de brand vielen mee.', '', '2018-06-13 19:29:56', '2019-12-15 14:51:16', 1, 'uitroken-hommelnest-veroorzaakt-brandje-in-spouwmuur'),
(250, 'Gehandicapten bestolen van geld, Playstation en televisie', 'https://www.gelderlander.nl/oude-ijsselstreek/gehandicapten-bestolen-van-geld-playstation-en-televisie~a0a655f1/', 27, 'ULFT - Onbekenden hebben in de nacht van maandag op dinsdag 1.600 euro, twee spelcomputers en een televisie gestolen uit het pand van de stichting Oersterk in Ulft. Het gestolen geld was grotendeels bij elkaar gebracht door gehandicapte cliënten, die dagb', '', '2018-06-14 05:22:45', '2019-12-15 14:51:16', 1, 'gehandicapten-bestolen-van-geld-playstation-en-televisie'),
(251, 'Geslaagd! Deze leerlingen vieren feest', 'https://www.gelderlander.nl/regio/geslaagd-deze-leerlingen-vieren-feest~a65ea2ec/', 27, 'De hartkloppingen, het twijfelen en de zweethandjes zijn verleden tijd. Deze geslaagden kregen vandaag goed nieuws. Reden genoeg om ze in het zonnetje te zetten!', '', '2018-06-13 12:32:44', '2019-12-15 14:51:16', 1, 'geslaagd-deze-leerlingen-vieren-feest'),
(252, 'De Graafschap haalt beloften uit hoofdklasse', 'https://www.gelderlander.nl/sport/de-graafschap-haalt-beloften-uit-hoofdklasse~a81640cc/', 27, 'DOETINCHEM - De Graafschap trekt het beloftenteam voor komend seizoen terug uit de hoofdklasse.', '', '2018-06-13 11:39:32', '2019-12-15 14:51:16', 1, 'de-graafschap-haalt-beloften-uit-hoofdklasse'),
(253, 'Meer stallingsruimte op het Duitse vliegveld Wenningfeld', 'https://www.gelderlander.nl/winterswijk/meer-stallingsruimte-op-het-duitse-vliegveld-wenningfeld~a1b3e39d/', 27, 'STADTLOHN/VREDEN - Vliegveld Wenningfeld, officieel Flugplatz Stadtlohn-Vreden, breidt uit met de bouw van twee nieuwe stallingsloodsen voor vliegtuigen.', '', '2018-06-13 08:23:52', '2019-12-15 14:51:16', 1, 'meer-stallingsruimte-op-het-duitse-vliegveld-wenningfeld'),
(254, 'Tv-kok Nadia en ezel Franka waren de beste vriendinnen', 'https://www.gelderlander.nl/winterswijk/tv-kok-nadia-en-ezel-franka-waren-de-beste-vriendinnen~af10db118/', 27, 'WINTERSWIJK - Wie Nadia Zerouali vraagt naar haar favoriete plek, hoort geen enkele twijfel in haar antwoord. ,,Kinderboerderij Freriks in Winterswijk. Daar heb ik zulke mooie herinneringen aan. Leuke dieren, prachtige tuin, een lieve boer. Het was twee m', '', '2018-06-13 11:22:12', '2019-12-15 14:51:16', 1, 'tv-kok-nadia-en-ezel-franka-waren-de-beste-vriendinnen'),
(255, 'Exonet verhuist van Doetinchem naar op 7Poort in Zevenaar', 'https://www.gelderlander.nl/zevenaar/exonet-verhuist-van-doetinchem-naar-op-7poort-in-zevenaar~a9a69c3c/', 27, 'ZEVENAAR - Exonet, specialist op het gebied van ‘managed hosting’,  vestigt zich op bedrijventerrein 7Poort in Zevenaar.', '', '2018-06-14 10:06:04', '2019-12-15 14:51:16', 1, 'exonet-verhuist-van-doetinchem-naar-op-7poort-in-zevenaar'),
(256, 'Stichting dreigt beelden inbreker online te zetten: \'Meld je vóór maandagmiddag\'', 'https://www.omroepgelderland.nl/nieuws/2317636/Stichting-dreigt-beelden-inbreker-online-te-zetten-Meld-je-voor-maandagmiddag', 26, 'De verbijstering is groot bij Stichting Oersterk in Ulft, die dagbesteding voor (jong)volwassenen met een beperking biedt. Bij een inbraak is apparatuur en geld van cliënten buitgemaakt. Toch is er een lichtpuntje: de dader is gefilmd.', 'https://imgg.rgcdn.nl/a7ef63efcb6444efbffb7baed96ad569/opener/dief_1206.jpg', '2018-06-12 17:30:00', '2019-12-15 14:51:16', 1, 'stichting-dreigt-beelden-inbreker-online-te-zetten-meld-je-v-r-maandagmiddag-'),
(257, 'Nieuw muziekfestival in Hummelo? De naam ligt al op straat: Hummelvaart', 'https://www.omroepgelderland.nl/nieuws/2317637/Nieuw-muziekfestival-in-Hummelo-De-naam-ligt-al-op-straat-Hummelvaart', 26, 'Een muziekfestival in Hummelo en de naam is er ook al: Hummelvaart. Als het aan de fanclub ligt, café De Tol in Zelhem en café-zaal-terras FF naar Steef in Hummelo, komt er vanaf volgend jaar een jaarlijks muziekfeest in het dorp.', 'https://imgg.rgcdn.nl/59f4dbb311c045b4947dabac97a0ed7c/opener/2018_1206_hummelvaart.jpg', '2018-06-12 20:00:00', '2019-12-15 14:51:16', 1, 'nieuw-muziekfestival-in-hummelo-de-naam-ligt-al-op-straat-hummelvaart'),
(258, 'Auto over de kop, bestuurder neemt de benen', 'https://www.omroepgelderland.nl/nieuws/2317651/Auto-over-de-kop-bestuurder-neemt-de-benen', 26, 'Een automobilist is dinsdagavond laat over de kop gegaan op de Doesburgseweg in het buitengebied van Didam. Toen de politie arriveerde werd niemand aangetroffen bij de auto. De vermoedelijke bestuurder werd later op de avond, twee kilometer verderop aange', 'https://imgg.rgcdn.nl/847dc80ff2434fab81f0b486400a0b3c/opener/180613_didamoverdekop.jpg', '2018-06-13 07:23:00', '2019-12-15 14:51:16', 1, 'auto-over-de-kop-bestuurder-neemt-de-benen'),
(259, 'Bronckhorst heeft 7199 asbestdaken. Hoeveel asbestdaken liggen er in uw gemeente?', 'https://www.omroepgelderland.nl/nieuws/2317659/Bronckhorst-heeft-7199-asbestdaken-Hoeveel-asbestdaken-liggen-er-in-uw-gemeente', 26, 'Van alle gemeenten in Gelderland staan in Bronckhorst de meeste gebouwen met een asbestdak, 7199 gebouwen. Dit blijkt uit cijfers van de provincie Gelderland. Ede heeft de twijfelachtige eer om de lijst met het grootste aantal vierkante meters asbestdaken', 'https://imgg.rgcdn.nl/494307a3790e447aa1fc12448f1b7c1d/opener/asbestdaken_veel_meer_14062018.jpg', '2018-06-14 06:00:00', '2019-12-15 14:51:16', 1, 'bronckhorst-heeft-7199-asbestdaken-hoeveel-asbestdaken-liggen-er-in-uw-gemeente-'),
(260, 'Lizzy Ossevoort jaagt Amerikaanse droom na', 'https://www.omroepgelderland.nl/nieuws/2317661/Lizzy-Ossevoort-jaagt-Amerikaanse-droom-na', 26, 'Muzikant Lizzy Ossevoort uit Halle is al aangenomen op de Manhattan School of Music in New York, maar om daadwerkelijk aan het studiejaar te beginnen heeft ze tienduizenden euro\'s nodig. Met een crowdfundingactie hoopt ze het geld voor de muziekopleiding ', 'https://imgg.rgcdn.nl/65d30c8872a94fdaaeddd173fbbc84cb/opener/2317661_REGIO8_IMAGE.jpg', '2018-06-13 08:57:00', '2019-12-15 14:51:16', 1, 'lizzy-ossevoort-jaagt-amerikaanse-droom-na'),
(261, 'Streetball biedt Zommerrun helpende hand', 'https://www.omroepgelderland.nl/nieuws/2317663/Streetball-biedt-Zommerrun-helpende-hand', 26, 'Streetball de Lichtenberg in Silvolde gaat meehelpen bij de Zommerrun aanstaande zaterdag. In eerste instantie was het sportinitiatief alleen het goede doel, maar toen de organisatie op de tocht kwam te staan twijfelde initiatiefnemer Benny Vonk geen mome', 'https://imgg.rgcdn.nl/c17a441f907a4932904fef33501e45be/opener/2317663_REGIO8_IMAGE.jpg', '2018-06-13 09:27:00', '2019-12-15 14:51:16', 1, 'streetball-biedt-zommerrun-helpende-hand'),
(262, 'Omgekomen automobiliste is vrouw van 84', 'https://www.omroepgelderland.nl/nieuws/2317665/Omgekomen-automobiliste-is-vrouw-van-84', 26, 'De vrouw die dinsdagmiddag overleed na een eenzijdig ongeval in Aalten, is een 84-jarige vrouw uit die plaats. Dat heeft de politie woensdag bekendgemaakt.', 'https://imgg.rgcdn.nl/ea71a2ed61c34af89a42c6a3bfa165be/opener/1306_ongeval_aalten_fotoginopress.jpg', '2018-06-13 09:32:00', '2019-12-15 14:51:16', 1, 'omgekomen-automobiliste-is-vrouw-van-84'),
(263, 'Man vast voor mishandeling agent', 'https://www.omroepgelderland.nl/nieuws/2317668/Man-vast-voor-mishandeling-agent', 26, 'Een 62-jarige man uit Didam is dinsdag aangehouden nadat hij een agent mishandelde. De agent was rond 17.10 uur bezig met een verkeerscontrole op de Bievankweg in Didam toen hij de bestuurder van een landbouwvoertuig een stopteken gaf. De man negeerde het', 'https://imgg.rgcdn.nl/7ee135d517b74bfe8b75979decd3b000/opener/politie_img_2653.jpg', '2018-06-13 10:08:00', '2019-12-15 14:51:16', 1, 'man-vast-voor-mishandeling-agent'),
(264, 'Oproep van Tijs uit Beltrum: \'Pas op de trekker!\'', 'https://www.omroepgelderland.nl/nieuws/2317673/Oproep-van-Tijs-uit-Beltrum-Pas-op-de-trekker', 26, '\'Pas op en laat je zien. Ga niet vlak achter me hangen.\' Dat is de noodkreet die loonwerker Tijs te Woerd op Facebook plaatste. Zo wil hij zijn medeweggebruikers waarschuwen voor zijn trekkercombinatie.', 'https://imgg.rgcdn.nl/60ff55fe65b44656b0a7d92a914f49e4/opener/img_4848.jpg', '2018-06-13 12:19:00', '2019-12-15 14:51:16', 1, 'oproep-van-tijs-uit-beltrum-pas-op-de-trekker-'),
(265, 'Dodelijke klappen: twee jaar cel en tbs', 'https://www.omroepgelderland.nl/nieuws/2317678/Dodelijke-klappen-twee-jaar-cel-en-tbs', 26, 'Een 35-jarige man uit Zutphen is woensdag veroordeeld tot twee jaar cel en tbs met dwangverpleging voor de dodelijke mishandeling van Andres Rodriguez uit Warnsveld.', 'https://imgg.rgcdn.nl/62a96d0b1dfe40c8acebeccd3c562b60/opener/1306_andres_fotoomroepgelderland.jpg', '2018-06-13 11:31:00', '2019-12-15 14:51:16', 1, 'dodelijke-klappen-twee-jaar-cel-en-tbs'),
(266, 'De Graafschap evalueert toekomst jeugd', 'https://www.omroepgelderland.nl/nieuws/2317684/De-Graafschap-evalueert-toekomst-jeugd', 26, 'De Graafschap evalueert de komende periode de opzet van de jeugdafdeling. Op dit moment is de jeugd van de Doetinchemse voetbalclub ondergebracht in een aparte stichting.', 'https://imgg.rgcdn.nl/032b794e700c477ab11ac4fa4725f2a6/opener/2317684_REGIO8_IMAGE.jpg', '2018-06-13 12:47:00', '2019-12-15 14:51:16', 1, 'de-graafschap-evalueert-toekomst-jeugd'),
(267, 'Kottense Miss Nederland vol met ambitie', 'https://www.omroepgelderland.nl/nieuws/2317685/Kottense-Miss-Nederland-vol-met-ambitie', 26, 'De 25-jarige Leonie Hesselink uit Kotten ziet haar leven veranderen in een rollercoaster nu ze tot haar grote verbazing benoemd is tot Miss World Nederland. De mooiste vrouw van het land blijft na het verkrijgen van de titel echter vol ambitie.', 'https://imgg.rgcdn.nl/e89be806247944379b476a92f580d35c/opener/2317685_REGIO8_IMAGE.jpg', '2018-06-13 13:17:00', '2019-12-15 14:51:16', 1, 'kottense-miss-nederland-vol-met-ambitie'),
(268, 'Nieuwe lift in Action ’s-Heerenberg geopend', 'https://www.omroepgelderland.nl/nieuws/2317691/Nieuwe-lift-in-Action-s-Heerenberg-geopend', 26, 'De Action in hartje ’s-Heerenberg is vanaf woensdag toegankelijker voor mindervalide personen. Een klacht van de Kilderse Carina Franken-Hermsen heeft geleid tot de plaatsing van een lift.', 'https://imgg.rgcdn.nl/a2b4c43c4b4a4127bc0e76fda1d06207/opener/2317691_REGIO8_IMAGE.jpg', '2018-06-13 13:22:00', '2019-12-15 14:51:16', 1, 'nieuwe-lift-in-action-s-heerenberg-geopend'),
(269, 'Baksteenfabrieken in Oostenrijkse handen', 'https://www.omroepgelderland.nl/nieuws/2317699/Baksteenfabrieken-in-Oostenrijkse-handen', 26, 'De Nederlandse baksteenfabrikant Daas Baksteen komt in handen van het Oostenrijkse Wienerberger. Het Gelderse bedrijf is akkoord over de overname door zijn grotere branchegenoot, maakte Wienerberger bekend zonder vermelding van financiële details.', 'https://imgg.rgcdn.nl/6eaaf80499c146c191f1d3ef1cd4f61e/opener/2016_1306_baksteen_stopfoto.jpg', '2018-06-13 13:45:00', '2019-12-15 14:51:16', 1, 'baksteenfabrieken-in-oostenrijkse-handen'),
(270, 'Eikenprocessierups dwarsboomt avondvierdaagse in Lichtenvoorde', 'https://www.omroepgelderland.nl/nieuws/2317725/Eikenprocessierups-dwarsboomt-avondvierdaagse-in-Lichtenvoorde', 26, 'De avondvierdaagse in Lichtenvoorde zucht onder de terreur van de eikenprocessierups. De organisatie heeft op twee avonden ingegrepen op de route, omdat bomen vol met hinderlijke nesten zitten. Het gaat om de openingsavond, volgende week woensdag, en de v', 'https://imgg.rgcdn.nl/950028c18cdc43f39add6e35c0c7bcbc/opener/2018_1306_eikenprocessierups.jpg', '2018-06-14 04:00:00', '2019-12-15 14:51:16', 1, 'eikenprocessierups-dwarsboomt-avondvierdaagse-in-lichtenvoorde'),
(271, 'Zutphense kermis verlaat oude binnenstad', 'https://www.omroepgelderland.nl/nieuws/2317729/Zutphense-kermis-verlaat-oude-binnenstad', 26, 'In de binnenstad van Zutphen wordt dit jaar voor de laatste keer een kermis gehouden. De gemeente Zutphen heeft laten weten op zoek te zijn naar een alternatieve locatie.', 'https://imgg.rgcdn.nl/0907a16de9394e1699370927a3c0a303/opener/180614_zutphencentrum.jpg', '2018-06-13 21:33:00', '2019-12-15 14:51:16', 1, 'zutphense-kermis-verlaat-oude-binnenstad'),
(272, 'Zedendelict op zorgboerderij in Wichmond', 'https://www.omroepgelderland.nl/nieuws/2317735/Zedendelict-op-zorgboerderij-in-Wichmond', 26, 'Op zorgboerderij Vergeet-me-nietjes in Wichmond heeft onlangs een zedendelict plaatsgevonden. Dat meldt De Stentor. De politie doet op dit moment onderzoek naar wat zich heeft afgespeeld in de zorginstelling, die de laatste tijd vaker in het nieuws is gew', 'https://imgg.rgcdn.nl/3bcc604c8a8b473bab4f9797878383e6/opener/zorgboerderij_vergeetmenietjes_wichmond.jpg', '2018-06-14 05:46:00', '2019-12-15 14:51:16', 1, 'zedendelict-op-zorgboerderij-in-wichmond'),
(273, 'Ook aanvaller Marlon Versteeg tekent bij De Graasfchap', 'https://www.omroepgelderland.nl/nieuws/2317753/Ook-aanvaller-Marlon-Versteeg-tekent-bij-De-Graasfchap', 26, 'Marlon Versteeg, belofte van De Graafschap, heeft een éénjarig contract getekend bij de club uit Doetinchem.', 'https://imgg.rgcdn.nl/6b8ed333e38d47c48d734408c115bf09/opener/180614marlonversteeg.jpg', '2018-06-14 08:27:00', '2019-12-15 14:51:16', 1, 'ook-aanvaller-marlon-versteeg-tekent-bij-de-graasfchap'),
(274, 'Oud-wethouder König van Arnhem aan de slag als burgemeester van Deventer', 'https://www.omroepgelderland.nl/nieuws/2317754/Oud-wethouder-Konig-van-Arnhem-aan-de-slag-als-burgemeester-van-Deventer', 26, 'Ron König uit Arnhem wordt tijdelijk de burgemeester van Deventer. König was eerder wethouder in Arnhem en Rheden. Hij is geboren in Doesburg.', 'https://imgg.rgcdn.nl/337ecc95333f47d7adacab7cc10264ef/opener/ronkonig_overijssel_12.jpg', '2018-06-14 08:35:00', '2019-12-15 14:51:16', 1, 'oud-wethouder-k-nig-van-arnhem-aan-de-slag-als-burgemeester-van-deventer'),
(275, 'Fietsenzaak in Doetinchem voor meer dan 60.000 euro gedupeerd', 'https://www.omroepgelderland.nl/nieuws/2317756/Fietsenzaak-in-Doetinchem-voor-meer-dan-60-000-euro-gedupeerd', 26, 'Bij fietsenzaak De Pedaleur aan de Doetinchemseweg in Doetinchem is in de nacht van woensdag op donderdag ingebroken.', 'https://imgg.rgcdn.nl/4929975404bb4ae6b39874b72f97c21d/opener/pedaleur140618.jpg', '2018-06-14 09:00:00', '2019-12-15 14:51:16', 1, 'fietsenzaak-in-doetinchem-voor-meer-dan-60-000-euro-gedupeerd'),
(276, 'Eigenaresse zorgboerderij Wichmond: \'Iemand wil mij kapotmaken!\'', 'https://www.omroepgelderland.nl/nieuws/2317758/Eigenaresse-zorgboerderij-Wichmond-Iemand-wil-mij-kapotmaken', 26, 'Zorgboerderij Vergeet-me-nietjes in Wichmond heeft het zwaar. Na een steekpartij en een vernietigend inspectierapport kwam donderdag naar buiten dat er ook een zedendelict zou spelen. Eigenaresse Ellen Ronk heeft het zwaar. \'Iemand probeert mij zwart te m', 'https://imgg.rgcdn.nl/781fee3a15014dcead8e71a08916508e/opener/zorgboerderij_vergeetmenietjes_wichmond-1.jpg', '2018-06-14 08:20:00', '2019-12-15 14:51:16', 1, 'eigenaresse-zorgboerderij-wichmond-iemand-wil-mij-kapotmaken-'),
(277, '\'Huiskamer compleet\': oude waterpomp Hummelo in ere hersteld', 'https://www.omroepgelderland.nl/nieuws/2317774/Huiskamer-compleet-oude-waterpomp-Hummelo-in-ere-hersteld', 26, 'De oude waterpomp in het dorpshart van Hummelo is opnieuw in gebruik genomen. Nu de pomp, daterend uit 1875, in ere is hersteld, is volgens de gemeente Bronckhorst de huiskamer van het dorp weer compleet.', 'https://imgg.rgcdn.nl/dcafffed338a44038e0167c78e1e2a76/opener/2317774_REGIO8_IMAGE.jpg', '2018-06-14 10:47:00', '2019-12-15 14:51:16', 1, '-huiskamer-compleet-oude-waterpomp-hummelo-in-ere-hersteld'),
(278, 'Gelderse coalitiepartijen: \'360 miljoen investeren in verbetering klimaat\'', 'https://www.omroepgelderland.nl/nieuws/2317775/Gelderse-coalitiepartijen-360-miljoen-investeren-in-verbetering-klimaat', 26, 'De Gelderse coalitiepartijen VVD, CDA, D66 en PvdA willen dat de provincie 360 miljoen euro gaat investeren in de verbetering van het klimaat. Zij stellen voor om daar tot 2030 jaarlijks 30 miljoen aan uit te geven.', 'https://imgg.rgcdn.nl/fd3aa07a0e3c4602b1f18831b75073a6/opener/geld14618.jpg', '2018-06-14 12:58:00', '2019-12-15 14:51:16', 1, 'gelderse-coalitiepartijen-360-miljoen-investeren-in-verbetering-klimaat-'),
(279, '\'Actie nodig om drempels voor gehandicapten weg te halen\'', 'https://www.omroepgelderland.nl/nieuws/2317805/Actie-nodig-om-drempels-voor-gehandicapten-weg-te-halen', 26, 'Het is hard nodig dat er meer wordt gedaan om mensen met een handicap beter te betrekken bij de maatschappij. Gelderse gehandicapten namen twee jaar geleden al het voortouw om een VN-verdrag te laten tekenen voor het verbeteren van de toegankelijkheid. Om', 'https://imgg.rgcdn.nl/61a66f6146f74d58ad4f5433c241e383/opener/tim_kroesbergen.jpg', '2018-06-14 15:30:00', '2019-12-15 14:51:16', 1, '-actie-nodig-om-drempels-voor-gehandicapten-weg-te-halen-');
INSERT INTO `posts` (`id`, `title`, `link`, `source_id`, `description`, `featured_image`, `created_at`, `updated_at`, `categorized`, `slug`) VALUES
(280, 'MRSA-bacterie in Slingeland Ziekenhuis: afdeling gesloten', 'https://www.omroepgelderland.nl/nieuws/2317813/MRSA-bacterie-in-Slingeland-Ziekenhuis-afdeling-gesloten', 26, 'Op de verpleegafdeling A2 van het Slingeland Ziekenhuis in Doetinchem is bij vier patiënten de MRSA-bacterie geconstateerd.', 'https://imgg.rgcdn.nl/1a5701cac7da44ada1448f5e546ab2b0/opener/om_te_overleven_gaan_ziekenhuizen_achterhoek_per_1_januari_samen_het_slingelandziekenhuis..jpg', '2018-06-14 16:25:00', '2019-12-15 14:51:16', 1, 'mrsa-bacterie-in-slingeland-ziekenhuis-afdeling-gesloten'),
(281, 'Richard Groenendijk genomineerd voor cabaretprijs', 'https://www.rijnmond.nl/nieuws/169595/Richard-Groenendijk-genomineerd-voor-cabaretprijs', 44, 'Cabaretier Richard Groenendijk uit Dirksland is genomineerd voor de prestigieuze Poelifinario-cabaretprijs. Hij maakt in de categorie engagement kans op een prijs met zijn show \'Om Alles!\'', 'https://imgr.rgcdn.nl/b7c5c4bf081d43a3b95fe6617cde8581/opener/20180614_richard_groenendijk_bijgewerkt_anp_561DDC8603DD0A45C12582AC002FB712.jpg', '2018-06-14 07:18:26', '2019-12-15 14:51:16', 1, 'richard-groenendijk-genomineerd-voor-cabaretprijs'),
(282, '#RijnmondExamenkoorts (16): Hoera! Geslaagd!', 'https://www.rijnmond.nl/nieuws/169596/RijnmondExamenkoorts-16-Hoera-Geslaagd', 44, 'Het verlossende woord is eruit. Examenkandidaten weten of ze gezakt of geslaagd zijn of dat ze volgende week nog een herexamen moeten maken. Alle examenreporters van RTV Rijnmond kregen woensdag goed nieuws: ze zijn geslaagd!', 'https://imgr.rgcdn.nl/2825e599f5094e1eb0b0e2df082a9e0b/opener/20180614_Mitzi_F629AB743AF3FDBEC12582AC00222618.jpg', '2018-06-14 08:29:19', '2019-12-15 14:51:16', 1, '-rijnmondexamenkoorts-16-hoera-geslaagd-'),
(283, 'Formateur Rotterdam: Voor eind juni coalitieakkoord', 'https://www.rijnmond.nl/nieuws/169597/Formateur-Rotterdam-Voor-eind-juni-coalitieakkoord', 44, 'Na drie dagen vol formatiegesprekken is formateur Jan Anthonie Bruijn optimistisch: “Voor eind juni ligt er een coalitieakkoord”, zegt Bruijn. Rotterdam lijkt een college van zes partijen te krijgen, met VVD, D66, GroenLinks, PvdA, CDA en ChristenUnie-SGP', 'https://imgr.rgcdn.nl/3ca21b25c0384bdbbc39a48e961bed6c/opener/Jan_Anthonie_Bruijn_formateur_Rotterdam_D86F2E71319E859EC12582AC0031E6CB.jpg', '2018-06-14 09:17:38', '2019-12-15 14:51:16', 1, 'formateur-rotterdam-voor-eind-juni-coalitieakkoord'),
(284, 'Tweetal jat kluis uit Rotterdams bedrijfspand', 'https://www.rijnmond.nl/nieuws/169598/Tweetal-jat-kluis-uit-Rotterdams-bedrijfspand', 44, 'De politie heeft donderdagochtend twee mannen aangehouden in het centrum Rotterdam. Iemand zag het tweetal een bedrijfspand aan de Schiedamsedijk uitkomen met een kluis.', 'https://imgr.rgcdn.nl/25e82245e8024bd8b30f9a1badb9ab50/opener/20180614_kluis_archief_pixabay_7803E58472609AD1C12582AC0032F7F4.jpg', '2018-06-14 09:22:07', '2019-12-15 14:51:16', 1, 'tweetal-jat-kluis-uit-rotterdams-bedrijfspand'),
(285, 'Barendrecht neemt maatregelen na actieoproep grootste politieke partij', 'https://www.rijnmond.nl/nieuws/169599/Barendrecht-neemt-maatregelen-na-actieoproep-grootste-politieke-partij', 44, 'De gemeente Barendrecht zet extra stoelen en een videoscherm neer bij de raadsvergadering van donderdagavond. Eerder werd een oproep gedaan om actie te voeren, als tijdens de vergadering de nieuwe wethouders geïnstalleerd worden.', 'https://imgr.rgcdn.nl/3c3b7e2f00394ff3911811c7da5acb27/opener/barendrecht_3BE221E98EA90329C1257C6100216D24.jpg', '2018-06-14 09:33:52', '2019-12-15 14:51:16', 1, 'barendrecht-neemt-maatregelen-na-actieoproep-grootste-politieke-partij'),
(286, 'Sparta in verregaande onderhandeling met Veldwijk', 'https://www.rijnmond.nl/nieuws/169600/Sparta-in-verregaande-onderhandeling-met-Veldwijk', 44, 'Sparta staat op het punt om Lars Veldwijk te contracteren. De spits mag vertrekken bij FC Groningen. Beide partijen zijn in de afrondende fase voor een meerjarig contract op het Kasteel. Naar verwachting wordt de transfer dit weekend afgerond.', 'https://imgr.rgcdn.nl/56f14856d6174a54a81e0d6079c9a7f1/opener/VeldwijkANP_8723293B32E139FCC12582AC0035CD24.jpg', '2018-06-14 09:40:24', '2019-12-15 14:51:16', 1, 'sparta-in-verregaande-onderhandeling-met-veldwijk'),
(287, 'Aboutaleb: Pegidaleider besloot zelf demonstratie af te blazen', 'https://www.rijnmond.nl/nieuws/169601/Aboutaleb-Pegidaleider-besloot-zelf-demonstratie-af-te-blazen', 44, 'Burgemeester Aboutaleb heeft duidelijkheid gegeven over hoe de Pegida-demonstratie vorige week bij de Laleli Moskee werd afgeblazen. Pegida-voorman Edwin Wagensveld nam dat besluit.', 'https://imgr.rgcdn.nl/880c47e214714f198ba3321e19bfe536/opener/Pegida1_D0F3134B9D8BD514C12582A50066EAF4.jpg', '2018-06-14 09:41:49', '2019-12-15 14:51:16', 1, 'aboutaleb-pegidaleider-besloot-zelf-demonstratie-af-te-blazen'),
(288, 'School in Afrikaanderwijk wordt in RTL-programma omgebouwd tot wooncomplex', 'https://www.rijnmond.nl/nieuws/169602/School-in-Afrikaanderwijk-wordt-in-RTL-programma-omgebouwd-tot-wooncomplex', 44, 'Een oud schoolgebouw in de Rotterdamse Afrikaanderwijk wordt omgebouwd tot een aantal woningen. Mensen met twee rechterhanden kunnen zich opgeven om de woningen te verbouwen. Er zit alleen nog wat addertjes onder het gras: de klussers móeten de woning kop', 'https://imgr.rgcdn.nl/ae3e666118764cc4ae6da05c0a2209ce/opener/20180614_schoolgebouw_zuid_7F620D72649EBAC0C12582AC00355609.jpg', '2018-06-14 10:02:12', '2019-12-15 14:51:16', 1, 'school-in-afrikaanderwijk-wordt-in-rtl-programma-omgebouwd-tot-wooncomplex'),
(289, 'Fröbelen met de uitvindingen van Fröbel', 'https://www.rijnmond.nl/nieuws/169603/Frobelen-met-de-uitvindingen-van-Frobel', 44, 'Friedrich Fröbel heeft meer voor ons betekend dan veel mensen misschien denken. De Duitse opvoedkundige is de naamgever van het werkwoord fröbelen, maar belangrijker: hij is de uitvinder van bijvoorbeeld de blokkendoos en de zandbak.', 'https://imgr.rgcdn.nl/f2a06086946d4616a23c47f6176fe654/opener/speelgavefrobel_B369ACC86E4AB725C12582AC002EE3A9.jpg', '2018-06-14 10:53:31', '2019-12-15 14:51:16', 1, 'fr-belen-met-de-uitvindingen-van-fr-bel'),
(290, 'Drugslab ontdekt na brand in loods in Dordt-West', 'https://www.rijnmond.nl/nieuws/169604/Drugslab-ontdekt-na-brand-in-loods-in-Dordt-West', 44, 'In een loods in de buurt van de Rijkstraatweg in Dordrecht is donderdag waarschijnlijk een drugslaboratorium gevonden. Het laboratiorium werd ontdekt na een brand in het pand.', 'https://imgr.rgcdn.nl/c9ece0e9cdfc4099a4cbc36887db7e9f/opener/20161006_153818_F6E8E74DE94643BFC12580480039420D.jpg', '2018-06-14 11:19:02', '2019-12-15 14:51:16', 1, 'drugslab-ontdekt-na-brand-in-loods-in-dordt-west'),
(291, 'Duizenden leerlingen krijgen duurzame energieles', 'https://www.rijnmond.nl/nieuws/169605/Duizenden-leerlingen-krijgen-duurzame-energieles', 44, 'Zo\'n tweehonderd leerlingen uit groep zeven en acht hebben woensdag in Diergaarde Blijdorp les gekregen over duurzame energie. De leerlingen uit Rotterdam, Hendrik-Ido-Ambacht en Bleiswijk hadden de primeur: in totaal moeten namelijk meer dan 10 duizend l', 'https://imgr.rgcdn.nl/e62356672e1941808639636c1f9dc664/opener/20180614_energie_eneco_groep_3B22F6B26ED2FA25C12582AC003067D3.jpg', '2018-06-14 11:21:31', '2019-12-15 14:51:16', 1, 'duizenden-leerlingen-krijgen-duurzame-energieles'),
(292, 'Donderdag in Bureau Rijnmond: inbreker haarscherp in beeld', 'https://www.rijnmond.nl/nieuws/169606/Donderdag-in-Bureau-Rijnmond-inbreker-haarscherp-in-beeld', 44, 'Bureau Rijnmond, het opsporingsprogramma van politie en justitie in de regio Rijnmond, besteedt donderdag aandacht aan een inbreker die duidelijk op camera\'s staat, een beroving en gestolen geld.', 'https://imgr.rgcdn.nl/da19813a93e9420a8d6d327d3ebe46ab/opener/Bureau_Rijnmond_3976DF9AE0C736F9C1258212002F9B3E.jpg', '2018-06-14 11:34:26', '2019-12-15 14:51:16', 1, 'donderdag-in-bureau-rijnmond-inbreker-haarscherp-in-beeld'),
(293, 'Civiele techniek viert 100e verjaardag op de RDM Campus', 'https://www.rijnmond.nl/nieuws/169607/Civiele-techniek-viert-100e-verjaardag-op-de-RDM-Campus', 44, 'Het is feest donderdag op de RDM Campus op Heijplaat. De opleiding civiele techniek van de Hogeschool Rotterdam bestaat deze dag honderd jaar.', 'https://imgr.rgcdn.nl/2c4d1da5e827481ba8cefe1c44f59227/opener/20180614_RDM_Campus_AAC3A4DB8671C437C12582AC003B7078.jpg', '2018-06-14 11:44:22', '2019-12-15 14:51:16', 1, 'civiele-techniek-viert-100e-verjaardag-op-de-rdm-campus'),
(294, 'Brandweer tilt bestuurder uit te water geraakte auto', 'https://www.rijnmond.nl/nieuws/169609/Brandweer-tilt-bestuurder-uit-te-water-geraakte-auto', 44, 'Een automobilist is donderdagmiddag langs de Hendrik Ydenweg in Hendrik-Ido-Ambacht met haar auto in het water terecht gekomen.', 'https://imgr.rgcdn.nl/43c95ab43a574623a5212183d15b536c/opener/Brandweer_ANP_ALEXANDER_SCHIPPERS__CB59D3FDF11E4BF5C125821400232DEB.jpg', '2018-06-14 13:49:12', '2019-12-15 14:51:16', 1, 'brandweer-tilt-bestuurder-uit-te-water-geraakte-auto'),
(295, 'Politie bevrijdt ontvoerde Rotterdammer', 'https://www.rijnmond.nl/nieuws/169610/Politie-bevrijdt-ontvoerde-Rotterdammer', 44, 'Met getrokken wapens heeft de politie in Rotterdam een man uit een auto bevrijd die was ontvoerd. De drie kidnappers zijn aangehouden.', 'https://imgr.rgcdn.nl/cd57ad114eb044e6ba9b48934966a99f/opener/politielogo2_943652292601D5E7C12580FB001DF683.jpg', '2018-06-14 13:50:03', '2019-12-15 14:51:16', 1, 'politie-bevrijdt-ontvoerde-rotterdammer'),
(296, 'Boetes voor vernielen Leefbaar-verkiezingsborden', 'https://www.rijnmond.nl/nieuws/169611/Boetes-voor-vernielen-Leefbaar-verkiezingsborden', 44, 'Voor het vernielen van verkiezingsborden van Leefbaar Rotterdam heeft het Openbaar Ministerie drie Rotterdammers van 19 jaar veroordeeld tot een boete van 500 euro.', 'https://imgr.rgcdn.nl/b10b2d2117864c21bdb118671f041096/opener/20180316_Lex_van_Lieshout_ANP_2_C7D59F8D5C5F56FCC1258252007A20D8.jpg', '2018-06-14 14:00:12', '2019-12-15 14:51:16', 1, 'boetes-voor-vernielen-leefbaar-verkiezingsborden'),
(297, 'Gevangenis Dordrecht organiseert mini EK voetbal', 'https://www.rijnmond.nl/nieuws/169616/Gevangenis-Dordrecht-organiseert-mini-EK-voetbal', 44, 'De penitentiaire inrichting Dordrecht organiseert aan het eind van de maand een mini EK voetbal voor (ex-)gedetineerden en gevangenismedewerkers.', 'https://imgr.rgcdn.nl/67fa348b576143599b6b690263413a83/opener/dordtse_poorten_C6623BE2CE2FEDF3C12579800052AEAA.jpg', '2018-06-14 14:39:06', '2019-12-15 14:51:16', 1, 'gevangenis-dordrecht-organiseert-mini-ek-voetbal'),
(298, 'Rotterdam stemt in met dure nieuwbouwwijk Nieuw-Kralingen', 'https://www.rijnmond.nl/nieuws/169617/Rotterdam-stemt-in-met-dure-nieuwbouwwijk-Nieuw-Kralingen', 44, 'De gemeenteraad van Rotterdam heeft ingestemd met de plannen voor de nieuwbouwwijk Nieuw-Kralingen, aan de rand van het Kralingse bos. Daar komen 800 woningen, waarvan 80 procent in het hoge segment (boven de 400 duizend euro).', 'https://imgr.rgcdn.nl/2f87518e4cfb4b389fc6e364287d19a3/opener/Nieuwe_wijk_Nieuw_Kralingen_boezembocht_6E024E17936DFBB7C1258288004ADE79.jpg', '2018-06-14 14:47:31', '2019-12-15 14:51:16', 1, 'rotterdam-stemt-in-met-dure-nieuwbouwwijk-nieuw-kralingen'),
(299, 'Rijnmond Nu in de WK-sferen', 'https://www.rijnmond.nl/nieuws/169618/Rijnmond-Nu-in-de-WK-sferen', 44, 'HUNNIE WEL. En WIJ niet. Hoe het WK Voetbal te beleven zonder dat Oranje meedoet? Gelukkig is daar, net op tijd, het boek: \'Mindere Goden\', van het schrijverscollectief Team Edgar. Om het \'Oranje-loze\' WK een beetje door te komen. Een van de schrijvers, V', 'https://imgr.rgcdn.nl/59b16acf102842b99fc85a3327b9cfe9/opener/voetbal_E51C16A490A0A2A4C125796700156871.jpg', '2018-06-14 14:49:37', '2019-12-15 14:51:16', 1, 'rijnmond-nu-in-de-wk-sferen'),
(300, 'Willem (28) kan met dwarslaesie tóch kitesurfen: \'Dit gevoel is onbeschrijflijk\'', 'https://www.rijnmond.nl/nieuws/169619/Willem-28-kan-met-dwarslaesie-toch-kitesurfen-Dit-gevoel-is-onbeschrijflijk', 44, 'De afgelopen periode was voor de 28-jarige Willem bepaald geen makkelijke tijd. Hij kreeg een zwaar motorongeluk en liep een dwarslaesie op. Vervolgens kreeg hij van de artsen te horen dat hij nooit meer zal kunnen lopen. Maar dat weerhoudt hem er niet va', 'https://imgr.rgcdn.nl/2a657f290476443eb15bb7db5a873540/opener/20180614_Erik_Lemmers_IMG_3726_74050CF1AFF69CBAC12582AC004A76BA.jpg', '2018-06-14 15:21:23', '2019-12-15 14:51:16', 1, 'willem-28-kan-met-dwarslaesie-t-ch-kitesurfen-dit-gevoel-is-onbeschrijflijk-'),
(301, 'Restaurant Aloha plaatst nieuwe afvalverwerker', 'https://www.rijnmond.nl/nieuws/169620/Restaurant-Aloha-plaatst-nieuwe-afvalverwerker', 44, 'Restaurant Aloha In Rotterdam maakt een volgende stap als duurzame horeca-onderneming. Het restaurant in het voormalige zwemparadijs Tropicana heeft een nieuwe spoelstraat, die bespaart op warmte, energie en water. Ook heeft het een innovatieve machine, d', 'https://imgr.rgcdn.nl/fd6f3f427b7845688edccca8fcf84d06/opener/20180614_aloha_A8C87C4C65DB8701C12582AC0056B9C9.jpg', '2018-06-14 15:48:20', '2019-12-15 14:51:16', 1, 'restaurant-aloha-plaatst-nieuwe-afvalverwerker'),
(302, 'Schiedamse drugsverdachten houden enkelband', 'https://www.rijnmond.nl/nieuws/169621/Schiedamse-drugsverdachten-houden-enkelband', 44, 'Vier Schiedamse drugsverdachten die voorlopig op vrije voeten zijn gesteld, houden hun enkelband. Dat besloot de Rotterdamse rechter donderdag in een korte zitting.', 'https://imgr.rgcdn.nl/bc1afc6f455543febf12febfbcc32791/opener/enkelband_B8ACC1721BBE124CC1257CA7005861E3.jpg', '2018-06-14 16:01:52', '2019-12-15 14:51:16', 1, 'schiedamse-drugsverdachten-houden-enkelband'),
(303, 'Dordts archief blij met collectie oude films', 'https://www.rijnmond.nl/nieuws/169622/Dordts-archief-blij-met-collectie-oude-films', 44, 'Het Regionaal Archief Dordrecht is verblijd met een collectie oude films van de inmiddels overleden Dordtse amateur-filmer Luc van Stigt. Het materiaal bevat veel materiaal van plekken en gebeurtenissen, waarvan het archief nog geen bewegende beelden had.', 'https://imgr.rgcdn.nl/39a4db9f8fce416bacb644b20bade5a8/opener/Teun_de_Bruijn_9E3955D3BB53F390C12582AC00477805.jpg', '2018-06-14 16:07:04', '2019-12-15 14:51:16', 1, 'dordts-archief-blij-met-collectie-oude-films'),
(304, 'Politie houdt metroreiziger met vuurwapen aan', 'https://www.rijnmond.nl/nieuws/169624/Politie-houdt-metroreiziger-met-vuurwapen-aan', 44, 'Op metrostation Hoogvliet is een metroreiziger aangehouden door de politie omdat hij in het bezit was van een vuurwapen.', 'https://imgr.rgcdn.nl/7a9abff8a0e5480fb8211eb2cdad1a4d/opener/vuurwapen_E2511560B2407C69C1257CCA0055E0BC.jpg', '2018-06-14 16:13:41', '2019-12-15 14:51:16', 1, 'politie-houdt-metroreiziger-met-vuurwapen-aan'),
(305, 'Verbeek: \"schat de kans klein dat Marokko de poulefase overleeft\"', 'https://www.rijnmond.nl/nieuws/169625/Verbeek-schat-de-kans-klein-dat-Marokko-de-poulefase-overleeft', 44, 'Rotterdammer Pim Verbeek werkte van 2010 tot 2015 als technisch directeur van de Marokkaanse voetbalbond. De huidige bondscoach van Oman was bovendien coach van de olympische ploeg op de spelen van Londen in 2012. Verbeek werkte met spelers, die Marokko n', 'https://imgr.rgcdn.nl/050041935fff4199848e7256bf87dbdf/opener/8decPimVerbeek_27B48951163F0092C12579600030E965.jpg', '2018-06-14 16:20:32', '2019-12-15 14:51:16', 1, 'verbeek-schat-de-kans-klein-dat-marokko-de-poulefase-overleeft-');

-- --------------------------------------------------------

--
-- Tabelstructuur voor tabel `source`
--

CREATE TABLE `source` (
  `id` int(255) NOT NULL,
  `url` varchar(255) NOT NULL,
  `channel_title` varchar(255) NOT NULL,
  `channel_description` varchar(255) NOT NULL,
  `channel_language` varchar(255) NOT NULL,
  `channel_pubDate` varchar(255) NOT NULL,
  `channel_lastBuildDate` varchar(255) NOT NULL,
  `auto_update` int(255) NOT NULL,
  `created_at` date NOT NULL,
  `updated_at` date NOT NULL
) ENGINE=InnoDB DEFAULT CHARSET=latin1;

-- --------------------------------------------------------

--
-- Tabelstructuur voor tabel `users`
--

CREATE TABLE `users` (
  `id` bigint(20) UNSIGNED NOT NULL,
  `name` varchar(255) COLLATE utf8mb4_unicode_ci NOT NULL,
  `email` varchar(255) COLLATE utf8mb4_unicode_ci NOT NULL,
  `email_verified_at` timestamp NULL DEFAULT NULL,
  `password` varchar(255) COLLATE utf8mb4_unicode_ci NOT NULL,
  `remember_token` varchar(100) COLLATE utf8mb4_unicode_ci DEFAULT NULL,
  `created_at` timestamp NULL DEFAULT NULL,
  `updated_at` timestamp NULL DEFAULT NULL
) ENGINE=InnoDB DEFAULT CHARSET=utf8mb4 COLLATE=utf8mb4_unicode_ci;

--
-- Indexen voor geëxporteerde tabellen
--

--
-- Indexen voor tabel `category`
--
ALTER TABLE `category`
  ADD PRIMARY KEY (`id`);

--
-- Indexen voor tabel `category_links`
--
ALTER TABLE `category_links`
  ADD PRIMARY KEY (`category_id`,`post_id`);

--
-- Indexen voor tabel `category_tags`
--
ALTER TABLE `category_tags`
  ADD PRIMARY KEY (`category_id`);

--
-- Indexen voor tabel `failed_jobs`
--
ALTER TABLE `failed_jobs`
  ADD PRIMARY KEY (`id`);

--
-- Indexen voor tabel `migrations`
--
ALTER TABLE `migrations`
  ADD PRIMARY KEY (`id`);

--
-- Indexen voor tabel `password_resets`
--
ALTER TABLE `password_resets`
  ADD KEY `password_resets_email_index` (`email`);

--
-- Indexen voor tabel `posts`
--
ALTER TABLE `posts`
  ADD PRIMARY KEY (`id`);

--
-- Indexen voor tabel `source`
--
ALTER TABLE `source`
  ADD PRIMARY KEY (`id`);

--
-- Indexen voor tabel `users`
--
ALTER TABLE `users`
  ADD PRIMARY KEY (`id`),
  ADD UNIQUE KEY `users_email_unique` (`email`);

--
-- AUTO_INCREMENT voor geëxporteerde tabellen
--

--
-- AUTO_INCREMENT voor een tabel `category`
--
ALTER TABLE `category`
  MODIFY `id` int(11) NOT NULL AUTO_INCREMENT, AUTO_INCREMENT=10;

--
-- AUTO_INCREMENT voor een tabel `category_tags`
--
ALTER TABLE `category_tags`
  MODIFY `category_id` int(255) NOT NULL AUTO_INCREMENT, AUTO_INCREMENT=10;

--
-- AUTO_INCREMENT voor een tabel `failed_jobs`
--
ALTER TABLE `failed_jobs`
  MODIFY `id` bigint(20) UNSIGNED NOT NULL AUTO_INCREMENT;

--
-- AUTO_INCREMENT voor een tabel `migrations`
--
ALTER TABLE `migrations`
  MODIFY `id` int(10) UNSIGNED NOT NULL AUTO_INCREMENT, AUTO_INCREMENT=4;

--
-- AUTO_INCREMENT voor een tabel `posts`
--
ALTER TABLE `posts`
  MODIFY `id` int(255) NOT NULL AUTO_INCREMENT, AUTO_INCREMENT=306;

--
-- AUTO_INCREMENT voor een tabel `source`
--
ALTER TABLE `source`
  MODIFY `id` int(255) NOT NULL AUTO_INCREMENT;

--
-- AUTO_INCREMENT voor een tabel `users`
--
ALTER TABLE `users`
  MODIFY `id` bigint(20) UNSIGNED NOT NULL AUTO_INCREMENT;
COMMIT;

/*!40101 SET CHARACTER_SET_CLIENT=@OLD_CHARACTER_SET_CLIENT */;
/*!40101 SET CHARACTER_SET_RESULTS=@OLD_CHARACTER_SET_RESULTS */;
/*!40101 SET COLLATION_CONNECTION=@OLD_COLLATION_CONNECTION */;
